model,axis,motor,controller,reference,hz,inertia_scale,gravity_ff_scale,nominal_inertia_kg_m2,plant_inertia_kg_m2,required_peak_nm,available_wire_nm,status,reason,samples,evaluation_samples,rms_rad,rms_after_1s_rad,peak_rad,peak_after_1s_rad,peak_request_nm,peak_wire_nm,peak_actuator_nm,saturation_ratio,adapter_clamp_ratio,wire_total_variation_nm,wire_total_variation_nm_per_s,min_angle_rad,max_angle_rad,final_error_rad,joint_min_rad,joint_max_rad,gravity_sin_nm,gravity_cos_nm
rmoss_rmua19,yaw,GM6020,linear,hold,500,0.5,1,0.00608000833333,0.00304000416667,0.0499999998421,0.999970092773,PASS,OK,3000,2500,0.00366463106,0.00264552298,0.03,0.00457207123,0.159738034,0.159696716,0.145004805,0,0,122.956974,20.492829,-0.00457215217,0.03,-0.00247986851,-0.5,0.5,0,0
rmoss_rmua19,yaw,GM6020,linear,hold,500,0.5,0.8,0.00608000833333,0.00304000416667,0.0499999998421,0.999970092773,PASS,OK,3000,2500,0.00366463106,0.00264552298,0.03,0.00457207123,0.159738034,0.159696716,0.145004805,0,0,122.956974,20.492829,-0.00457215217,0.03,-0.00247986851,-0.5,0.5,0,0
rmoss_rmua19,yaw,GM6020,regularized_terminal,hold,500,0.5,1,0.00608000833333,0.00304000416667,0.0499999998421,0.999970092773,PASS,OK,3000,2500,0.00281653143,0.00183056094,0.03,0.00351471326,0.192019939,0.191988831,0.173849221,0,0,139.414826,23.2358044,-0.00353016998,0.03,-0.000319864967,-0.5,0.5,0,0
rmoss_rmua19,yaw,GM6020,regularized_terminal,hold,500,0.5,0.8,0.00608000833333,0.00304000416667,0.0499999998421,0.999970092773,PASS,OK,3000,2500,0.00281653143,0.00183056094,0.03,0.00351471326,0.192019939,0.191988831,0.173849221,0,0,139.414826,23.2358044,-0.00353016998,0.03,-0.000319864967,-0.5,0.5,0,0
rmoss_rmua19,yaw,GM6020,linear,sine,500,0.5,1,0.00608000833333,0.00304000416667,0.054123569441,0.999970092773,PASS,OK,3000,2500,0.00244584689,0.00266315927,0.00467862759,0.00467862759,0.163622156,0.16363147,0.146692159,0,0,123.081665,20.5136108,-0.103828257,0.100130173,-0.00138951843,-0.5,0.5,0,0
rmoss_rmua19,yaw,GM6020,linear,sine,500,0.5,0.8,0.00608000833333,0.00304000416667,0.054123569441,0.999970092773,PASS,OK,3000,2500,0.00244584689,0.00266315927,0.00467862759,0.00467862759,0.163622156,0.16363147,0.146692159,0,0,123.081665,20.5136108,-0.103828257,0.100130173,-0.00138951843,-0.5,0.5,0,0
rmoss_rmua19,yaw,GM6020,regularized_terminal,sine,500,0.5,1,0.00608000833333,0.00304000416667,0.054123569441,0.999970092773,PASS,OK,3000,2500,0.00169820101,0.00183543795,0.00359249889,0.00359249889,0.192273527,0.192260193,0.167547475,0,0,139.578322,23.2630537,-0.103085605,0.100578889,-0.00146664635,-0.5,0.5,0,0
rmoss_rmua19,yaw,GM6020,regularized_terminal,sine,500,0.5,0.8,0.00608000833333,0.00304000416667,0.054123569441,0.999970092773,PASS,OK,3000,2500,0.00169820101,0.00183543795,0.00359249889,0.00359249889,0.192273527,0.192260193,0.167547475,0,0,139.578322,23.2630537,-0.103085605,0.100578889,-0.00146664635,-0.5,0.5,0,0
rmoss_rmua19,yaw,GM6020,linear,hold,500,1,1,0.00608000833333,0.00608000833333,0.0499999998421,0.999970092773,PASS,OK,3000,2500,0.0032877619,0.00184271169,0.03,0.0030565418,0.143488199,0.143550659,0.132951438,0,0,6.63168768,1.10528128,-0.0030565418,0.03,-0.00130175653,-0.5,0.5,0,0
rmoss_rmua19,yaw,GM6020,linear,hold,500,1,0.8,0.00608000833333,0.00608000833333,0.0499999998421,0.999970092773,PASS,OK,3000,2500,0.0032877619,0.00184271169,0.03,0.0030565418,0.143488199,0.143550659,0.132951438,0,0,6.63168768,1.10528128,-0.0030565418,0.03,-0.00130175653,-0.5,0.5,0,0
rmoss_rmua19,yaw,GM6020,regularized_terminal,hold,500,1,1,0.00608000833333,0.00608000833333,0.0499999998421,0.999970092773,PASS,OK,3000,2500,0.00251162831,0.000843577527,0.03,0.00149722754,0.16256094,0.162546021,0.145775527,0,0,14.4632038,2.41053397,-0.00149766652,0.03,-0.000401892281,-0.5,0.5,0,0
rmoss_rmua19,yaw,GM6020,regularized_terminal,hold,500,1,0.8,0.00608000833333,0.00608000833333,0.0499999998421,0.999970092773,PASS,OK,3000,2500,0.00251162831,0.000843577527,0.03,0.00149722754,0.16256094,0.162546021,0.145775527,0,0,14.4632038,2.41053397,-0.00149766652,0.03,-0.000401892281,-0.5,0.5,0,0
rmoss_rmua19,yaw,GM6020,linear,sine,500,1,1,0.00608000833333,0.00608000833333,0.0567733509171,0.999970092773,PASS,OK,3000,2500,0.00170231351,0.00184543576,0.00320030185,0.00320030185,0.163622156,0.16363147,0.152358716,0,0,6.64837646,1.10806274,-0.102643278,0.0998474517,-0.00125081346,-0.5,0.5,0,0
rmoss_rmua19,yaw,GM6020,linear,sine,500,1,0.8,0.00608000833333,0.00608000833333,0.0567733509171,0.999970092773,PASS,OK,3000,2500,0.00170231351,0.00184543576,0.00320030185,0.00320030185,0.163622156,0.16363147,0.152358716,0,0,6.64837646,1.10806274,-0.102643278,0.0998474517,-0.00125081346,-0.5,0.5,0,0
rmoss_rmua19,yaw,GM6020,regularized_terminal,sine,500,1,1,0.00608000833333,0.00608000833333,0.0567733509171,0.999970092773,PASS,OK,3000,2500,0.000788809486,0.000845010057,0.00271807714,0.00157599773,0.19235301,0.192395874,0.174291258,0,0,14.7672653,2.46121088,-0.101137463,0.0999480496,-0.000387512228,-0.5,0.5,0,0
rmoss_rmua19,yaw,GM6020,regularized_terminal,sine,500,1,0.8,0.00608000833333,0.00608000833333,0.0567733509171,0.999970092773,PASS,OK,3000,2500,0.000788809486,0.000845010057,0.00271807714,0.00157599773,0.19235301,0.192395874,0.174291258,0,0,14.7672653,2.46121088,-0.101137463,0.0999480496,-0.000387512228,-0.5,0.5,0,0
rmoss_rmua19,yaw,GM6020,linear,hold,500,2,1,0.00608000833333,0.0121600166667,0.0499999998421,0.999970092773,PASS,OK,3000,2500,0.00341841567,0.00184769183,0.03,0.00305597795,0.143555194,0.143550659,0.136246541,0,0,4.15971277,0.693285461,-0.00305599161,0.03,-0.0012991428,-0.5,0.5,0,0
rmoss_rmua19,yaw,GM6020,linear,hold,500,2,0.8,0.00608000833333,0.0121600166667,0.0499999998421,0.999970092773,PASS,OK,3000,2500,0.00341841567,0.00184769183,0.03,0.00305597795,0.143555194,0.143550659,0.136246541,0,0,4.15971277,0.693285461,-0.00305599161,0.03,-0.0012991428,-0.5,0.5,0,0
rmoss_rmua19,yaw,GM6020,regularized_terminal,hold,500,2,1,0.00608000833333,0.0121600166667,0.0499999998421,0.999970092773,PASS,OK,3000,2500,0.0027494943,0.000844013415,0.03,0.00144562782,0.158950612,0.159018311,0.149711139,0,0,6.59098334,1.09849722,-0.00144567769,0.03,-0.000423129563,-0.5,0.5,0,0
rmoss_rmua19,yaw,GM6020,regularized_terminal,hold,500,2,0.8,0.00608000833333,0.0121600166667,0.0499999998421,0.999970092773,PASS,OK,3000,2500,0.0027494943,0.000844013415,0.03,0.00144562782,0.158950612,0.159018311,0.149711139,0,0,6.59098334,1.09849722,-0.00144567769,0.03,-0.000423129563,-0.5,0.5,0,0
rmoss_rmua19,yaw,GM6020,linear,sine,500,2,1,0.00608000833333,0.0121600166667,0.0621132651254,0.999970092773,PASS,OK,3000,2500,0.00175888851,0.00185571036,0.00498471899,0.00324846144,0.163739696,0.163767151,0.156665844,0,0,4.14817987,0.691363312,-0.103043573,0.100203907,-0.00134377313,-0.5,0.5,0,0
rmoss_rmua19,yaw,GM6020,linear,sine,500,2,0.8,0.00608000833333,0.0121600166667,0.0621132651254,0.999970092773,PASS,OK,3000,2500,0.00175888851,0.00185571036,0.00498471899,0.00324846144,0.163739696,0.163767151,0.156665844,0,0,4.14817987,0.691363312,-0.103043573,0.100203907,-0.00134377313,-0.5,0.5,0,0
rmoss_rmua19,yaw,GM6020,regularized_terminal,sine,500,2,1,0.00608000833333,0.0121600166667,0.0621132651254,0.999970092773,PASS,OK,3000,2500,0.000843616271,0.000847363585,0.00444845225,0.00152772538,0.19260858,0.192667236,0.180711577,0,0,6.60102374,1.10017062,-0.101280369,0.100105423,-0.000429196647,-0.5,0.5,0,0
rmoss_rmua19,yaw,GM6020,regularized_terminal,sine,500,2,0.8,0.00608000833333,0.0121600166667,0.0621132651254,0.999970092773,PASS,OK,3000,2500,0.000843616271,0.000847363585,0.00444845225,0.00152772538,0.19260858,0.192667236,0.180711577,0,0,6.60102374,1.10017062,-0.101280369,0.100105423,-0.000429196647,-0.5,0.5,0,0
rmoss_rmua19,yaw,GM6020,linear,hold,1000,0.5,1,0.00608000833333,0.00304000416667,0.0499999998421,0.999970092773,PASS,OK,6000,5000,0.00338886013,0.00217947058,0.03,0.00370546401,0.159081116,0.159018311,0.141379322,0,0,128.242026,21.373671,-0.0037074962,0.03,-0.00212794404,-0.5,0.5,0,0
rmoss_rmua19,yaw,GM6020,linear,hold,1000,0.5,0.8,0.00608000833333,0.00304000416667,0.0499999998421,0.999970092773,PASS,OK,6000,5000,0.00338886013,0.00217947058,0.03,0.00370546401,0.159081116,0.159018311,0.141379322,0,0,128.242026,21.373671,-0.0037074962,0.03,-0.00212794404,-0.5,0.5,0,0
rmoss_rmua19,yaw,GM6020,regularized_terminal,hold,1000,0.5,1,0.00608000833333,0.00304000416667,0.0499999998421,0.999970092773,PASS,OK,6000,5000,0.00262398331,0.00148450969,0.03,0.00282325933,0.1902152,0.190224976,0.164744123,0,0,145.371365,24.2285608,-0.00282332362,0.03,-0.000158457462,-0.5,0.5,0,0
rmoss_rmua19,yaw,GM6020,regularized_terminal,hold,1000,0.5,0.8,0.00608000833333,0.00304000416667,0.0499999998421,0.999970092773,PASS,OK,6000,5000,0.00262398331,0.00148450969,0.03,0.00282325933,0.1902152,0.190224976,0.164744123,0,0,145.371365,24.2285608,-0.00282332362,0.03,-0.000158457462,-0.5,0.5,0,0
rmoss_rmua19,yaw,GM6020,linear,sine,1000,0.5,1,0.00608000833333,0.00304000416667,0.054123569441,0.999970092773,PASS,OK,6000,5000,0.00201688304,0.00219357974,0.0040210411,0.0040210411,0.163757533,0.163767151,0.145587321,0,0,128.04651,21.3410849,-0.103145238,0.100093576,-0.00202821903,-0.5,0.5,0,0
rmoss_rmua19,yaw,GM6020,linear,sine,1000,0.5,0.8,0.00608000833333,0.00304000416667,0.054123569441,0.999970092773,PASS,OK,6000,5000,0.00201688304,0.00219357974,0.0040210411,0.0040210411,0.163757533,0.163767151,0.145587321,0,0,128.04651,21.3410849,-0.103145238,0.100093576,-0.00202821903,-0.5,0.5,0,0
rmoss_rmua19,yaw,GM6020,regularized_terminal,sine,1000,0.5,1,0.00608000833333,0.00304000416667,0.054123569441,0.999970092773,PASS,OK,6000,5000,0.0013814954,0.00149279108,0.00295233829,0.00295233829,0.192608654,0.192667236,0.165172814,0,0,145.603786,24.2672977,-0.102361945,0.100374445,-0.00135805572,-0.5,0.5,0,0
rmoss_rmua19,yaw,GM6020,regularized_terminal,sine,1000,0.5,0.8,0.00608000833333,0.00304000416667,0.054123569441,0.999970092773,PASS,OK,6000,5000,0.0013814954,0.00149279108,0.00295233829,0.00295233829,0.192608654,0.192667236,0.165172814,0,0,145.603786,24.2672977,-0.102361945,0.100374445,-0.00135805572,-0.5,0.5,0,0
rmoss_rmua19,yaw,GM6020,linear,hold,1000,1,1,0.00608000833333,0.00608000833333,0.0499999998421,0.999970092773,PASS,OK,6000,5000,0.00328110611,0.00184265522,0.03,0.00305324472,0.143562973,0.143550659,0.132109253,0,0,6.65054736,1.10842456,-0.00305326177,0.03,-0.00130247786,-0.5,0.5,0,0
rmoss_rmua19,yaw,GM6020,linear,hold,1000,1,0.8,0.00608000833333,0.00608000833333,0.0499999998421,0.999970092773,PASS,OK,6000,5000,0.00328110611,0.00184265522,0.03,0.00305324472,0.143562973,0.143550659,0.132109253,0,0,6.65054736,1.10842456,-0.00305326177,0.03,-0.00130247786,-0.5,0.5,0,0
rmoss_rmua19,yaw,GM6020,regularized_terminal,hold,1000,1,1,0.00608000833333,0.00608000833333,0.0499999998421,0.999970092773,PASS,OK,6000,5000,0.00250084517,0.00084291626,0.03,0.00148117282,0.158970475,0.159018311,0.14478862,0,0,11.4745551,1.91242584,-0.00148127661,0.03,-0.000402395657,-0.5,0.5,0,0
rmoss_rmua19,yaw,GM6020,regularized_terminal,hold,1000,1,0.8,0.00608000833333,0.00608000833333,0.0499999998421,0.999970092773,PASS,OK,6000,5000,0.00250084517,0.00084291626,0.03,0.00148117282,0.158970475,0.159018311,0.14478862,0,0,11.4745551,1.91242584,-0.00148127661,0.03,-0.000402395657,-0.5,0.5,0,0
rmoss_rmua19,yaw,GM6020,linear,sine,1000,1,1,0.00608000833333,0.00608000833333,0.0567733509171,0.999970092773,PASS,OK,6000,5000,0.00170306341,0.0018453561,0.00319614242,0.00319614242,0.163757533,0.163767151,0.151562598,0,0,6.64783374,1.10797229,-0.102649372,0.0998428651,-0.00125250296,-0.5,0.5,0,0
rmoss_rmua19,yaw,GM6020,linear,sine,1000,1,0.8,0.00608000833333,0.00608000833333,0.0567733509171,0.999970092773,PASS,OK,6000,5000,0.00170306341,0.0018453561,0.00319614242,0.00319614242,0.163757533,0.163767151,0.151562598,0,0,6.64783374,1.10797229,-0.102649372,0.0998428651,-0.00125250296,-0.5,0.5,0,0
rmoss_rmua19,yaw,GM6020,regularized_terminal,sine,1000,1,1,0.00608000833333,0.00608000833333,0.0567733509171,0.999970092773,PASS,OK,6000,5000,0.000788747635,0.00084430849,0.00272186746,0.00155781784,0.192608654,0.192667236,0.173444979,0,0,11.6233973,1.93723288,-0.101128643,0.0999275432,-0.000389131303,-0.5,0.5,0,0
rmoss_rmua19,yaw,GM6020,regularized_terminal,sine,1000,1,0.8,0.00608000833333,0.00608000833333,0.0567733509171,0.999970092773,PASS,OK,6000,5000,0.000788747635,0.00084430849,0.00272186746,0.00155781784,0.192608654,0.192667236,0.173444979,0,0,11.6233973,1.93723288,-0.101128643,0.0999275432,-0.000389131303,-0.5,0.5,0,0
rmoss_rmua19,yaw,GM6020,linear,hold,1000,2,1,0.00608000833333,0.0121600166667,0.0499999998421,0.999970092773,PASS,OK,6000,5000,0.00341144773,0.00184760242,0.03,0.00305569081,0.143581226,0.143550659,0.135793601,0,0,4.36092792,0.72682132,-0.00305570079,0.03,-0.00130269081,-0.5,0.5,0,0
rmoss_rmua19,yaw,GM6020,linear,hold,1000,2,0.8,0.00608000833333,0.0121600166667,0.0499999998421,0.999970092773,PASS,OK,6000,5000,0.00341144773,0.00184760242,0.03,0.00305569081,0.143581226,0.143550659,0.135793601,0,0,4.36092792,0.72682132,-0.00305570079,0.03,-0.00130269081,-0.5,0.5,0,0
rmoss_rmua19,yaw,GM6020,regularized_terminal,hold,1000,2,1,0.00608000833333,0.0121600166667,0.0499999998421,0.999970092773,PASS,OK,6000,5000,0.00273956917,0.000843969626,0.03,0.00144586981,0.158987358,0.159018311,0.149304636,0,0,6.78500739,1.13083456,-0.00144587794,0.03,-0.000423275208,-0.5,0.5,0,0
rmoss_rmua19,yaw,GM6020,regularized_terminal,hold,1000,2,0.8,0.00608000833333,0.0121600166667,0.0499999998421,0.999970092773,PASS,OK,6000,5000,0.00273956917,0.000843969626,0.03,0.00144586981,0.158987358,0.159018311,0.149304636,0,0,6.78500739,1.13083456,-0.00144587794,0.03,-0.000423275208,-0.5,0.5,0,0
rmoss_rmua19,yaw,GM6020,linear,sine,1000,2,1,0.00608000833333,0.0121600166667,0.0621132651254,0.999970092773,PASS,OK,6000,5000,0.00176030239,0.00185568719,0.0049978086,0.00324687956,0.163791671,0.163767151,0.156201291,0,0,4.35143024,0.725238373,-0.103045287,0.10020212,-0.00134948934,-0.5,0.5,0,0
rmoss_rmua19,yaw,GM6020,linear,sine,1000,2,0.8,0.00608000833333,0.0121600166667,0.0621132651254,0.999970092773,PASS,OK,6000,5000,0.00176030239,0.00185568719,0.0049978086,0.00324687956,0.163791671,0.163767151,0.156201291,0,0,4.35143024,0.725238373,-0.103045287,0.10020212,-0.00134948934,-0.5,0.5,0,0
rmoss_rmua19,yaw,GM6020,regularized_terminal,sine,1000,2,1,0.00608000833333,0.0121600166667,0.0621132651254,0.999970092773,PASS,OK,6000,5000,0.000845002388,0.000847310927,0.00445946995,0.00152691875,0.192711353,0.192667236,0.179967113,0,0,6.80047504,1.13341251,-0.101282139,0.100104062,-0.000429831766,-0.5,0.5,0,0
rmoss_rmua19,yaw,GM6020,regularized_terminal,sine,1000,2,0.8,0.00608000833333,0.0121600166667,0.0621132651254,0.999970092773,PASS,OK,6000,5000,0.000845002388,0.000847310927,0.00445946995,0.00152691875,0.192711353,0.192667236,0.179967113,0,0,6.80047504,1.13341251,-0.101282139,0.100104062,-0.000429831766,-0.5,0.5,0,0
rmoss_rmua19,yaw,GM6020,linear,hold,2000,0.5,1,0.00608000833333,0.00304000416667,0.0499999998421,0.999970092773,PASS,OK,12000,10000,0.00331290734,0.0020442834,0.03,0.00367947382,0.158335164,0.158339905,0.13757522,0,0,128.960186,21.4933644,-0.00367960804,0.03,-0.00114287888,-0.5,0.5,0,0
rmoss_rmua19,yaw,GM6020,linear,hold,2000,0.5,0.8,0.00608000833333,0.00304000416667,0.0499999998421,0.999970092773,PASS,OK,12000,10000,0.00331290734,0.0020442834,0.03,0.00367947382,0.158335164,0.158339905,0.13757522,0,0,128.960186,21.4933644,-0.00367960804,0.03,-0.00114287888,-0.5,0.5,0,0
rmoss_rmua19,yaw,GM6020,regularized_terminal,hold,2000,0.5,1,0.00608000833333,0.00304000416667,0.0499999998421,0.999970092773,PASS,OK,12000,10000,0.00253705663,0.00131012634,0.03,0.00239430939,0.189411059,0.189410889,0.162373281,0,0,148.937744,24.8229573,-0.00239430939,0.03,-0.00127288723,-0.5,0.5,0,0
rmoss_rmua19,yaw,GM6020,regularized_terminal,hold,2000,0.5,0.8,0.00608000833333,0.00304000416667,0.0499999998421,0.999970092773,PASS,OK,12000,10000,0.00253705663,0.00131012634,0.03,0.00239430939,0.189411059,0.189410889,0.162373281,0,0,148.937744,24.8229573,-0.00239430939,0.03,-0.00127288723,-0.5,0.5,0,0
rmoss_rmua19,yaw,GM6020,linear,sine,2000,0.5,1,0.00608000833333,0.00304000416667,0.054123569441,0.999970092773,PASS,OK,12000,10000,0.00192037584,0.00208944573,0.00399655172,0.00399655172,0.16377154,0.163767151,0.145134631,0,0,129.12124,21.5202067,-0.103055926,0.100051678,-0.00117957965,-0.5,0.5,0,0
rmoss_rmua19,yaw,GM6020,linear,sine,2000,0.5,0.8,0.00608000833333,0.00304000416667,0.054123569441,0.999970092773,PASS,OK,12000,10000,0.00192037584,0.00208944573,0.00399655172,0.00399655172,0.16377154,0.163767151,0.145134631,0,0,129.12124,21.5202067,-0.103055926,0.100051678,-0.00117957965,-0.5,0.5,0,0
rmoss_rmua19,yaw,GM6020,regularized_terminal,sine,2000,0.5,1,0.00608000833333,0.00304000416667,0.054123569441,0.999970092773,PASS,OK,12000,10000,0.00122114088,0.00131842429,0.00251433112,0.00251433112,0.192655191,0.192667236,0.164496366,0,0,148.830148,24.8050247,-0.101976601,0.100314571,-0.00123056661,-0.5,0.5,0,0
rmoss_rmua19,yaw,GM6020,regularized_terminal,sine,2000,0.5,0.8,0.00608000833333,0.00304000416667,0.054123569441,0.999970092773,PASS,OK,12000,10000,0.00122114088,0.00131842429,0.00251433112,0.00251433112,0.192655191,0.192667236,0.164496366,0,0,148.830148,24.8050247,-0.101976601,0.100314571,-0.00123056661,-0.5,0.5,0,0
rmoss_rmua19,yaw,GM6020,linear,hold,2000,1,1,0.00608000833333,0.00608000833333,0.0499999998421,0.999970092773,PASS,OK,12000,10000,0.00327773021,0.00184269847,0.03,0.00305162037,0.14357762,0.143550659,0.131729602,0,0,6.76099182,1.12683197,-0.00305163145,0.03,-0.00130360871,-0.5,0.5,0,0
rmoss_rmua19,yaw,GM6020,linear,hold,2000,1,0.8,0.00608000833333,0.00608000833333,0.0499999998421,0.999970092773,PASS,OK,12000,10000,0.00327773021,0.00184269847,0.03,0.00305162037,0.14357762,0.143550659,0.131729602,0,0,6.76099182,1.12683197,-0.00305163145,0.03,-0.00130360871,-0.5,0.5,0,0
rmoss_rmua19,yaw,GM6020,regularized_terminal,hold,2000,1,1,0.00608000833333,0.00608000833333,0.0499999998421,0.999970092773,PASS,OK,12000,10000,0.00249557576,0.000842719359,0.03,0.00147588869,0.158987597,0.159018311,0.14435148,0,0,10.7368566,1.7894761,-0.0014759271,0.03,-0.000404764854,-0.5,0.5,0,0
rmoss_rmua19,yaw,GM6020,regularized_terminal,hold,2000,1,0.8,0.00608000833333,0.00608000833333,0.0499999998421,0.999970092773,PASS,OK,12000,10000,0.00249557576,0.000842719359,0.03,0.00147588869,0.158987597,0.159018311,0.14435148,0,0,10.7368566,1.7894761,-0.0014759271,0.03,-0.000404764854,-0.5,0.5,0,0
rmoss_rmua19,yaw,GM6020,linear,sine,2000,1,1,0.00608000833333,0.00608000833333,0.0567733509171,0.999970092773,PASS,OK,12000,10000,0.00170346478,0.00184533609,0.00319446592,0.00319446592,0.163798049,0.163767151,0.151161895,0,0,6.77713788,1.12952298,-0.102651682,0.0998415725,-0.00125430559,-0.5,0.5,0,0
rmoss_rmua19,yaw,GM6020,linear,sine,2000,1,0.8,0.00608000833333,0.00608000833333,0.0567733509171,0.999970092773,PASS,OK,12000,10000,0.00170346478,0.00184533609,0.00319446592,0.00319446592,0.163798049,0.163767151,0.151161895,0,0,6.77713788,1.12952298,-0.102651682,0.0998415725,-0.00125430559,-0.5,0.5,0,0
rmoss_rmua19,yaw,GM6020,regularized_terminal,sine,2000,1,1,0.00608000833333,0.00608000833333,0.0567733509171,0.999970092773,PASS,OK,12000,10000,0.00078890972,0.000844134345,0.0027274273,0.00155210006,0.192709282,0.192667236,0.172772078,0,0,10.8637185,1.81061975,-0.101125703,0.0999233211,-0.000391694413,-0.5,0.5,0,0
rmoss_rmua19,yaw,GM6020,regularized_terminal,sine,2000,1,0.8,0.00608000833333,0.00608000833333,0.0567733509171,0.999970092773,PASS,OK,12000,10000,0.00078890972,0.000844134345,0.0027274273,0.00155210006,0.192709282,0.192667236,0.172772078,0,0,10.8637185,1.81061975,-0.101125703,0.0999233211,-0.000391694413,-0.5,0.5,0,0
rmoss_rmua19,yaw,GM6020,linear,hold,2000,2,1,0.00608000833333,0.0121600166667,0.0499999998421,0.999970092773,PASS,OK,12000,10000,0.00340793128,0.00184760183,0.03,0.00305564728,0.143594235,0.143550659,0.135581379,0,0,4.47354327,0.745590546,-0.00305564728,0.03,-0.0013042623,-0.5,0.5,0,0
rmoss_rmua19,yaw,GM6020,linear,hold,2000,2,0.8,0.00608000833333,0.0121600166667,0.0499999998421,0.999970092773,PASS,OK,12000,10000,0.00340793128,0.00184760183,0.03,0.00305564728,0.143594235,0.143550659,0.135581379,0,0,4.47354327,0.745590546,-0.00305564728,0.03,-0.0013042623,-0.5,0.5,0,0
rmoss_rmua19,yaw,GM6020,regularized_terminal,hold,2000,2,1,0.00608000833333,0.0121600166667,0.0499999998421,0.999970092773,PASS,OK,12000,10000,0.00273459586,0.000843980542,0.03,0.00144610185,0.15900594,0.159018311,0.14897658,0,0,6.86560199,1.144267,-0.00144610634,0.03,-0.000422931711,-0.5,0.5,0,0
rmoss_rmua19,yaw,GM6020,regularized_terminal,hold,2000,2,0.8,0.00608000833333,0.0121600166667,0.0499999998421,0.999970092773,PASS,OK,12000,10000,0.00273459586,0.000843980542,0.03,0.00144610185,0.15900594,0.159018311,0.14897658,0,0,6.86560199,1.144267,-0.00144610634,0.03,-0.000422931711,-0.5,0.5,0,0
rmoss_rmua19,yaw,GM6020,linear,sine,2000,2,1,0.00608000833333,0.0121600166667,0.0621132651254,0.999970092773,PASS,OK,12000,10000,0.00176095859,0.00185561349,0.00500201399,0.00324616924,0.163821355,0.163767151,0.155940258,0,0,4.46187469,0.743645782,-0.103045832,0.100201599,-0.00135134761,-0.5,0.5,0,0
rmoss_rmua19,yaw,GM6020,linear,sine,2000,2,0.8,0.00608000833333,0.0121600166667,0.0621132651254,0.999970092773,PASS,OK,12000,10000,0.00176095859,0.00185561349,0.00500201399,0.00324616924,0.163821355,0.163767151,0.155940258,0,0,4.46187469,0.743645782,-0.103045832,0.100201599,-0.00135134761,-0.5,0.5,0,0
rmoss_rmua19,yaw,GM6020,regularized_terminal,sine,2000,2,1,0.00608000833333,0.0121600166667,0.0621132651254,0.999970092773,PASS,OK,12000,10000,0.000845726244,0.000847301642,0.00446472299,0.00152642681,0.192769751,0.192802917,0.179661958,0,0,6.8835119,1.14725198,-0.101282783,0.100103406,-0.000429912885,-0.5,0.5,0,0
rmoss_rmua19,yaw,GM6020,regularized_terminal,sine,2000,2,0.8,0.00608000833333,0.0121600166667,0.0621132651254,0.999970092773,PASS,OK,12000,10000,0.000845726244,0.000847301642,0.00446472299,0.00152642681,0.192769751,0.192802917,0.179661958,0,0,6.8835119,1.14725198,-0.101282783,0.100103406,-0.000429912885,-0.5,0.5,0,0
rmoss_rmua19,yaw,DM4310,linear,hold,500,0.5,1,0.00608000833333,0.00304000416667,0.0499999998421,0.998778998779,PASS,OK,3000,2500,0.00367245953,0.00265558325,0.03,0.0045760051,0.159516692,0.158730159,0.143965679,0,0,123.235653,20.5392755,-0.0045760051,0.03,-0.00230237167,-0.5,0.5,0,0
rmoss_rmua19,yaw,DM4310,linear,hold,500,0.5,0.8,0.00608000833333,0.00304000416667,0.0499999998421,0.998778998779,PASS,OK,3000,2500,0.00367245953,0.00265558325,0.03,0.0045760051,0.159516692,0.158730159,0.143965679,0,0,123.235653,20.5392755,-0.0045760051,0.03,-0.00230237167,-0.5,0.5,0,0
rmoss_rmua19,yaw,DM4310,regularized_terminal,hold,500,0.5,1,0.00608000833333,0.00304000416667,0.0499999998421,0.998778998779,PASS,OK,3000,2500,0.0028165734,0.0018290037,0.03,0.00361912393,0.192229062,0.192918193,0.174371662,0,0,139.460317,23.2433862,-0.00362173115,0.03,-0.000319813491,-0.5,0.5,0,0
rmoss_rmua19,yaw,DM4310,regularized_terminal,hold,500,0.5,0.8,0.00608000833333,0.00304000416667,0.0499999998421,0.998778998779,PASS,OK,3000,2500,0.0028165734,0.0018290037,0.03,0.00361912393,0.192229062,0.192918193,0.174371662,0,0,139.460317,23.2433862,-0.00362173115,0.03,-0.000319813491,-0.5,0.5,0,0
rmoss_rmua19,yaw,DM4310,linear,sine,500,0.5,1,0.00608000833333,0.00304000416667,0.054123569441,0.998778998779,PASS,OK,3000,2500,0.00245483375,0.00267306437,0.00471638953,0.00471638953,0.163622156,0.163614164,0.146272618,0,0,123.235653,20.5392755,-0.103937152,0.100146826,-0.00166327231,-0.5,0.5,0,0
rmoss_rmua19,yaw,DM4310,linear,sine,500,0.5,0.8,0.00608000833333,0.00304000416667,0.054123569441,0.998778998779,PASS,OK,3000,2500,0.00245483375,0.00267306437,0.00471638953,0.00471638953,0.163622156,0.163614164,0.146272618,0,0,123.235653,20.5392755,-0.103937152,0.100146826,-0.00166327231,-0.5,0.5,0,0
rmoss_rmua19,yaw,DM4310,regularized_terminal,sine,500,0.5,1,0.00608000833333,0.00304000416667,0.054123569441,0.998778998779,PASS,OK,3000,2500,0.0016978773,0.0018351092,0.00358080226,0.00358080226,0.192273527,0.192918193,0.167567434,0,0,139.641026,23.2735043,-0.103084054,0.100561797,-0.00143835442,-0.5,0.5,0,0
rmoss_rmua19,yaw,DM4310,regularized_terminal,sine,500,0.5,0.8,0.00608000833333,0.00304000416667,0.054123569441,0.998778998779,PASS,OK,3000,2500,0.0016978773,0.0018351092,0.00358080226,0.00358080226,0.192273527,0.192918193,0.167567434,0,0,139.641026,23.2735043,-0.103084054,0.100561797,-0.00143835442,-0.5,0.5,0,0
rmoss_rmua19,yaw,DM4310,linear,hold,500,1,1,0.00608000833333,0.00608000833333,0.0499999998421,0.998778998779,PASS,OK,3000,2500,0.0032868314,0.00184312181,0.03,0.00306038629,0.143488199,0.144078144,0.132965233,0,0,6.61050061,1.1017501,-0.00306043318,0.03,-0.00129836216,-0.5,0.5,0,0
rmoss_rmua19,yaw,DM4310,linear,hold,500,1,0.8,0.00608000833333,0.00608000833333,0.0499999998421,0.998778998779,PASS,OK,3000,2500,0.0032868314,0.00184312181,0.03,0.00306038629,0.143488199,0.144078144,0.132965233,0,0,6.61050061,1.1017501,-0.00306043318,0.03,-0.00129836216,-0.5,0.5,0,0
rmoss_rmua19,yaw,DM4310,regularized_terminal,hold,500,1,1,0.00608000833333,0.00608000833333,0.0499999998421,0.998778998779,PASS,OK,3000,2500,0.00251029033,0.00084420718,0.03,0.00151025985,0.163795248,0.163614164,0.147094552,0,0,14.2442002,2.37403337,-0.00151045731,0.03,-0.000416184736,-0.5,0.5,0,0
rmoss_rmua19,yaw,DM4310,regularized_terminal,hold,500,1,0.8,0.00608000833333,0.00608000833333,0.0499999998421,0.998778998779,PASS,OK,3000,2500,0.00251029033,0.00084420718,0.03,0.00151025985,0.163795248,0.163614164,0.147094552,0,0,14.2442002,2.37403337,-0.00151045731,0.03,-0.000416184736,-0.5,0.5,0,0
rmoss_rmua19,yaw,DM4310,linear,sine,500,1,1,0.00608000833333,0.00608000833333,0.0567733509171,0.998778998779,PASS,OK,3000,2500,0.00170047599,0.00184334707,0.0031905233,0.0031905233,0.163622156,0.163614164,0.151804325,0,0,6.69352869,1.11558812,-0.102635088,0.0998492708,-0.00123868509,-0.5,0.5,0,0
rmoss_rmua19,yaw,DM4310,linear,sine,500,1,0.8,0.00608000833333,0.00608000833333,0.0567733509171,0.998778998779,PASS,OK,3000,2500,0.00170047599,0.00184334707,0.0031905233,0.0031905233,0.163622156,0.163614164,0.151804325,0,0,6.69352869,1.11558812,-0.102635088,0.0998492708,-0.00123868509,-0.5,0.5,0,0
rmoss_rmua19,yaw,DM4310,regularized_terminal,sine,500,1,1,0.00608000833333,0.00608000833333,0.0567733509171,0.998778998779,PASS,OK,3000,2500,0.000789286194,0.000845507909,0.00271846103,0.00157885489,0.192351252,0.192918193,0.173540502,0,0,14.6300366,2.43833944,-0.101141685,0.0999315478,-0.000386932363,-0.5,0.5,0,0
rmoss_rmua19,yaw,DM4310,regularized_terminal,sine,500,1,0.8,0.00608000833333,0.00608000833333,0.0567733509171,0.998778998779,PASS,OK,3000,2500,0.000789286194,0.000845507909,0.00271846103,0.00157885489,0.192351252,0.192918193,0.173540502,0,0,14.6300366,2.43833944,-0.101141685,0.0999315478,-0.000386932363,-0.5,0.5,0,0
rmoss_rmua19,yaw,DM4310,linear,hold,500,2,1,0.00608000833333,0.0121600166667,0.0499999998421,0.998778998779,PASS,OK,3000,2500,0.00341788712,0.00184937315,0.03,0.00306864161,0.143554792,0.144078144,0.137216234,0,0,4.32967033,0.721611722,-0.0030686578,0.03,-0.00131336978,-0.5,0.5,0,0
rmoss_rmua19,yaw,DM4310,linear,hold,500,2,0.8,0.00608000833333,0.0121600166667,0.0499999998421,0.998778998779,PASS,OK,3000,2500,0.00341788712,0.00184937315,0.03,0.00306864161,0.143554792,0.144078144,0.137216234,0,0,4.32967033,0.721611722,-0.0030686578,0.03,-0.00131336978,-0.5,0.5,0,0
rmoss_rmua19,yaw,DM4310,regularized_terminal,hold,500,2,1,0.00608000833333,0.0121600166667,0.0499999998421,0.998778998779,PASS,OK,3000,2500,0.00274970806,0.000843151043,0.03,0.00145732688,0.158950746,0.158730159,0.149471025,0,0,6.67399267,1.11233211,-0.00145740986,0.03,-0.000425711483,-0.5,0.5,0,0
rmoss_rmua19,yaw,DM4310,regularized_terminal,hold,500,2,0.8,0.00608000833333,0.0121600166667,0.0499999998421,0.998778998779,PASS,OK,3000,2500,0.00274970806,0.000843151043,0.03,0.00145732688,0.158950746,0.158730159,0.149471025,0,0,6.67399267,1.11233211,-0.00145740986,0.03,-0.000425711483,-0.5,0.5,0,0
rmoss_rmua19,yaw,DM4310,linear,sine,500,2,1,0.00608000833333,0.0121600166667,0.0621132651254,0.998778998779,PASS,OK,3000,2500,0.0017583604,0.00185506789,0.00498067083,0.00323717301,0.163739726,0.163614164,0.15702087,0,0,4.17826618,0.696377696,-0.103039534,0.100184144,-0.00133579503,-0.5,0.5,0,0
rmoss_rmua19,yaw,DM4310,linear,sine,500,2,0.8,0.00608000833333,0.0121600166667,0.0621132651254,0.998778998779,PASS,OK,3000,2500,0.0017583604,0.00185506789,0.00498067083,0.00323717301,0.163739726,0.163614164,0.15702087,0,0,4.17826618,0.696377696,-0.103039534,0.100184144,-0.00133579503,-0.5,0.5,0,0
rmoss_rmua19,yaw,DM4310,regularized_terminal,sine,500,2,1,0.00608000833333,0.0121600166667,0.0621132651254,0.998778998779,PASS,OK,3000,2500,0.000844004261,0.000847685643,0.00444939319,0.0015406636,0.192607701,0.192918193,0.180062962,0,0,6.59096459,1.0984941,-0.101277233,0.100111437,-0.000426985973,-0.5,0.5,0,0
rmoss_rmua19,yaw,DM4310,regularized_terminal,sine,500,2,0.8,0.00608000833333,0.0121600166667,0.0621132651254,0.998778998779,PASS,OK,3000,2500,0.000844004261,0.000847685643,0.00444939319,0.0015406636,0.192607701,0.192918193,0.180062962,0,0,6.59096459,1.0984941,-0.101277233,0.100111437,-0.000426985973,-0.5,0.5,0,0
rmoss_rmua19,yaw,DM4310,linear,hold,1000,0.5,1,0.00608000833333,0.00304000416667,0.0499999998421,0.998778998779,PASS,OK,6000,5000,0.00338635512,0.00217654398,0.03,0.00371731268,0.159065589,0.158730159,0.141531298,0,0,127.641026,21.2735043,-0.003719218,0.03,-0.00212347781,-0.5,0.5,0,0
rmoss_rmua19,yaw,DM4310,linear,hold,1000,0.5,0.8,0.00608000833333,0.00304000416667,0.0499999998421,0.998778998779,PASS,OK,6000,5000,0.00338635512,0.00217654398,0.03,0.00371731268,0.159065589,0.158730159,0.141531298,0,0,127.641026,21.2735043,-0.003719218,0.03,-0.00212347781,-0.5,0.5,0,0
rmoss_rmua19,yaw,DM4310,regularized_terminal,hold,1000,0.5,1,0.00608000833333,0.00304000416667,0.0499999998421,0.998778998779,PASS,OK,6000,5000,0.00262364591,0.00148536729,0.03,0.00282565329,0.19021982,0.188034188,0.16353883,0,0,145.130647,24.1884412,-0.00282630891,0.03,-0.000136805832,-0.5,0.5,0,0
rmoss_rmua19,yaw,DM4310,regularized_terminal,hold,1000,0.5,0.8,0.00608000833333,0.00304000416667,0.0499999998421,0.998778998779,PASS,OK,6000,5000,0.00262364591,0.00148536729,0.03,0.00282565329,0.19021982,0.188034188,0.16353883,0,0,145.130647,24.1884412,-0.00282630891,0.03,-0.000136805832,-0.5,0.5,0,0
rmoss_rmua19,yaw,DM4310,linear,sine,1000,0.5,1,0.00608000833333,0.00304000416667,0.054123569441,0.998778998779,PASS,OK,6000,5000,0.00201742316,0.00219395339,0.00401998135,0.00401998135,0.163757533,0.163614164,0.144888156,0,0,128.01221,21.3353683,-0.103145198,0.100097404,-0.00204091308,-0.5,0.5,0,0
rmoss_rmua19,yaw,DM4310,linear,sine,1000,0.5,0.8,0.00608000833333,0.00304000416667,0.054123569441,0.998778998779,PASS,OK,6000,5000,0.00201742316,0.00219395339,0.00401998135,0.00401998135,0.163757533,0.163614164,0.144888156,0,0,128.01221,21.3353683,-0.103145198,0.100097404,-0.00204091308,-0.5,0.5,0,0
rmoss_rmua19,yaw,DM4310,regularized_terminal,sine,1000,0.5,1,0.00608000833333,0.00304000416667,0.054123569441,0.998778998779,PASS,OK,6000,5000,0.00138093716,0.00149222161,0.00293622995,0.00293622995,0.192608654,0.192918193,0.165468542,0,0,145.648352,24.2747253,-0.102363398,0.100389475,-0.00143535591,-0.5,0.5,0,0
rmoss_rmua19,yaw,DM4310,regularized_terminal,sine,1000,0.5,0.8,0.00608000833333,0.00304000416667,0.054123569441,0.998778998779,PASS,OK,6000,5000,0.00138093716,0.00149222161,0.00293622995,0.00293622995,0.192608654,0.192918193,0.165468542,0,0,145.648352,24.2747253,-0.102363398,0.100389475,-0.00143535591,-0.5,0.5,0,0
rmoss_rmua19,yaw,DM4310,linear,hold,1000,1,1,0.00608000833333,0.00608000833333,0.0499999998421,0.998778998779,PASS,OK,6000,5000,0.00328074353,0.00184267955,0.03,0.00305572225,0.143562973,0.144078144,0.132600292,0,0,6.85470085,1.14245014,-0.00305575533,0.03,-0.0013237721,-0.5,0.5,0,0
rmoss_rmua19,yaw,DM4310,linear,hold,1000,1,0.8,0.00608000833333,0.00608000833333,0.0499999998421,0.998778998779,PASS,OK,6000,5000,0.00328074353,0.00184267955,0.03,0.00305572225,0.143562973,0.144078144,0.132600292,0,0,6.85470085,1.14245014,-0.00305575533,0.03,-0.0013237721,-0.5,0.5,0,0
rmoss_rmua19,yaw,DM4310,regularized_terminal,hold,1000,1,1,0.00608000833333,0.00608000833333,0.0499999998421,0.998778998779,PASS,OK,6000,5000,0.00250090849,0.000843656132,0.03,0.00148303089,0.158970475,0.158730159,0.144854381,0,0,11.4603175,1.91005291,-0.00148303089,0.03,-0.000408861828,-0.5,0.5,0,0
rmoss_rmua19,yaw,DM4310,regularized_terminal,hold,1000,1,0.8,0.00608000833333,0.00608000833333,0.0499999998421,0.998778998779,PASS,OK,6000,5000,0.00250090849,0.000843656132,0.03,0.00148303089,0.158970475,0.158730159,0.144854381,0,0,11.4603175,1.91005291,-0.00148303089,0.03,-0.000408861828,-0.5,0.5,0,0
rmoss_rmua19,yaw,DM4310,linear,sine,1000,1,1,0.00608000833333,0.00608000833333,0.0567733509171,0.998778998779,PASS,OK,6000,5000,0.00170273067,0.00184483579,0.00320594548,0.00320594548,0.163757533,0.163614164,0.151439384,0,0,6.85470085,1.14245014,-0.102628979,0.0998323435,-0.00124856961,-0.5,0.5,0,0
rmoss_rmua19,yaw,DM4310,linear,sine,1000,1,0.8,0.00608000833333,0.00608000833333,0.0567733509171,0.998778998779,PASS,OK,6000,5000,0.00170273067,0.00184483579,0.00320594548,0.00320594548,0.163757533,0.163614164,0.151439384,0,0,6.85470085,1.14245014,-0.102628979,0.0998323435,-0.00124856961,-0.5,0.5,0,0
rmoss_rmua19,yaw,DM4310,regularized_terminal,sine,1000,1,1,0.00608000833333,0.00608000833333,0.0567733509171,0.998778998779,PASS,OK,6000,5000,0.000788831423,0.000844377018,0.00272335602,0.00156135853,0.192608654,0.192918193,0.17250361,0,0,11.6996337,1.94993895,-0.101133692,0.0999376713,-0.000390715116,-0.5,0.5,0,0
rmoss_rmua19,yaw,DM4310,regularized_terminal,sine,1000,1,0.8,0.00608000833333,0.00608000833333,0.0567733509171,0.998778998779,PASS,OK,6000,5000,0.000788831423,0.000844377018,0.00272335602,0.00156135853,0.192608654,0.192918193,0.17250361,0,0,11.6996337,1.94993895,-0.101133692,0.0999376713,-0.000390715116,-0.5,0.5,0,0
rmoss_rmua19,yaw,DM4310,linear,hold,1000,2,1,0.00608000833333,0.0121600166667,0.0499999998421,0.998778998779,PASS,OK,6000,5000,0.00341166455,0.00184897638,0.03,0.00307639402,0.143580958,0.144078144,0.13643375,0,0,4.52991453,0.754985755,-0.0030763952,0.03,-0.00131532966,-0.5,0.5,0,0
rmoss_rmua19,yaw,DM4310,linear,hold,1000,2,0.8,0.00608000833333,0.0121600166667,0.0499999998421,0.998778998779,PASS,OK,6000,5000,0.00341166455,0.00184897638,0.03,0.00307639402,0.143580958,0.144078144,0.13643375,0,0,4.52991453,0.754985755,-0.0030763952,0.03,-0.00131532966,-0.5,0.5,0,0
rmoss_rmua19,yaw,DM4310,regularized_terminal,hold,1000,2,1,0.00608000833333,0.0121600166667,0.0499999998421,0.998778998779,PASS,OK,6000,5000,0.0027393063,0.00084312542,0.03,0.0014520119,0.158987448,0.158730159,0.149471025,0,0,6.80586081,1.13431013,-0.00145210334,0.03,-0.000429485598,-0.5,0.5,0,0
rmoss_rmua19,yaw,DM4310,regularized_terminal,hold,1000,2,0.8,0.00608000833333,0.0121600166667,0.0499999998421,0.998778998779,PASS,OK,6000,5000,0.0027393063,0.00084312542,0.03,0.0014520119,0.158987448,0.158730159,0.149471025,0,0,6.80586081,1.13431013,-0.00145210334,0.03,-0.000429485598,-0.5,0.5,0,0
rmoss_rmua19,yaw,DM4310,linear,sine,1000,2,1,0.00608000833333,0.0121600166667,0.0621132651254,0.998778998779,PASS,OK,6000,5000,0.00176166473,0.00185737954,0.00499192189,0.00324688727,0.163791686,0.163614164,0.15702087,0,0,4.32478632,0.720797721,-0.103055208,0.100203751,-0.00133568568,-0.5,0.5,0,0
rmoss_rmua19,yaw,DM4310,linear,sine,1000,2,0.8,0.00608000833333,0.0121600166667,0.0621132651254,0.998778998779,PASS,OK,6000,5000,0.00176166473,0.00185737954,0.00499192189,0.00324688727,0.163791686,0.163614164,0.15702087,0,0,4.32478632,0.720797721,-0.103055208,0.100203751,-0.00133568568,-0.5,0.5,0,0
rmoss_rmua19,yaw,DM4310,regularized_terminal,sine,1000,2,1,0.00608000833333,0.0121600166667,0.0621132651254,0.998778998779,PASS,OK,6000,5000,0.000845268047,0.000847700739,0.00445978254,0.00153505996,0.192710757,0.192918193,0.179698022,0,0,6.77655678,1.12942613,-0.101290443,0.100093468,-0.000421245492,-0.5,0.5,0,0
rmoss_rmua19,yaw,DM4310,regularized_terminal,sine,1000,2,0.8,0.00608000833333,0.0121600166667,0.0621132651254,0.998778998779,PASS,OK,6000,5000,0.000845268047,0.000847700739,0.00445978254,0.00153505996,0.192710757,0.192918193,0.179698022,0,0,6.77655678,1.12942613,-0.101290443,0.100093468,-0.000421245492,-0.5,0.5,0,0
rmoss_rmua19,yaw,DM4310,linear,hold,2000,0.5,1,0.00608000833333,0.00304000416667,0.0499999998421,0.998778998779,PASS,OK,12000,10000,0.00330949469,0.00203940695,0.03,0.00366972554,0.158468649,0.158730159,0.137741381,0,0,128.647131,21.4411884,-0.00366990706,0.03,-0.00113694705,-0.5,0.5,0,0
rmoss_rmua19,yaw,DM4310,linear,hold,2000,0.5,0.8,0.00608000833333,0.00304000416667,0.0499999998421,0.998778998779,PASS,OK,12000,10000,0.00330949469,0.00203940695,0.03,0.00366972554,0.158468649,0.158730159,0.137741381,0,0,128.647131,21.4411884,-0.00366990706,0.03,-0.00113694705,-0.5,0.5,0,0
rmoss_rmua19,yaw,DM4310,regularized_terminal,hold,2000,0.5,1,0.00608000833333,0.00304000416667,0.0499999998421,0.998778998779,PASS,OK,12000,10000,0.00253728379,0.00131019934,0.03,0.00239522817,0.189426035,0.188034188,0.161973489,0,0,149.369963,24.8949939,-0.00239563852,0.03,-0.00126037822,-0.5,0.5,0,0
rmoss_rmua19,yaw,DM4310,regularized_terminal,hold,2000,0.5,0.8,0.00608000833333,0.00304000416667,0.0499999998421,0.998778998779,PASS,OK,12000,10000,0.00253728379,0.00131019934,0.03,0.00239522817,0.189426035,0.188034188,0.161973489,0,0,149.369963,24.8949939,-0.00239563852,0.03,-0.00126037822,-0.5,0.5,0,0
rmoss_rmua19,yaw,DM4310,linear,sine,2000,0.5,1,0.00608000833333,0.00304000416667,0.054123569441,0.998778998779,PASS,OK,12000,10000,0.00192109507,0.00209045554,0.00398600952,0.00398600952,0.16377154,0.163614164,0.144888156,0,0,129.194139,21.5323565,-0.103043928,0.100066412,-0.00115935636,-0.5,0.5,0,0
rmoss_rmua19,yaw,DM4310,linear,sine,2000,0.5,0.8,0.00608000833333,0.00304000416667,0.054123569441,0.998778998779,PASS,OK,12000,10000,0.00192109507,0.00209045554,0.00398600952,0.00398600952,0.16377154,0.163614164,0.144888156,0,0,129.194139,21.5323565,-0.103043928,0.100066412,-0.00115935636,-0.5,0.5,0,0
rmoss_rmua19,yaw,DM4310,regularized_terminal,sine,2000,0.5,1,0.00608000833333,0.00304000416667,0.054123569441,0.998778998779,PASS,OK,12000,10000,0.0012213621,0.00131873947,0.00253600994,0.00253600994,0.192654818,0.192918193,0.164715986,0,0,148.832723,24.8054538,-0.101974521,0.100308652,-0.0012353493,-0.5,0.5,0,0
rmoss_rmua19,yaw,DM4310,regularized_terminal,sine,2000,0.5,0.8,0.00608000833333,0.00304000416667,0.054123569441,0.998778998779,PASS,OK,12000,10000,0.0012213621,0.00131873947,0.00253600994,0.00253600994,0.192654818,0.192918193,0.164715986,0,0,148.832723,24.8054538,-0.101974521,0.100308652,-0.0012353493,-0.5,0.5,0,0
rmoss_rmua19,yaw,DM4310,linear,hold,2000,1,1,0.00608000833333,0.00608000833333,0.0499999998421,0.998778998779,PASS,OK,12000,10000,0.00327704312,0.00184186818,0.03,0.00304901641,0.143577516,0.144078144,0.131835428,0,0,6.67887668,1.11314611,-0.00304902548,0.03,-0.00131633257,-0.5,0.5,0,0
rmoss_rmua19,yaw,DM4310,linear,hold,2000,1,0.8,0.00608000833333,0.00608000833333,0.0499999998421,0.998778998779,PASS,OK,12000,10000,0.00327704312,0.00184186818,0.03,0.00304901641,0.143577516,0.144078144,0.131835428,0,0,6.67887668,1.11314611,-0.00304902548,0.03,-0.00131633257,-0.5,0.5,0,0
rmoss_rmua19,yaw,DM4310,regularized_terminal,hold,2000,1,1,0.00608000833333,0.00608000833333,0.0499999998421,0.998778998779,PASS,OK,12000,10000,0.00249554376,0.000842440717,0.03,0.00147754442,0.158987626,0.158730159,0.144109394,0,0,10.7374847,1.78958079,-0.00147754448,0.03,-0.000400256202,-0.5,0.5,0,0
rmoss_rmua19,yaw,DM4310,regularized_terminal,hold,2000,1,0.8,0.00608000833333,0.00608000833333,0.0499999998421,0.998778998779,PASS,OK,12000,10000,0.00249554376,0.000842440717,0.03,0.00147754442,0.158987626,0.158730159,0.144109394,0,0,10.7374847,1.78958079,-0.00147754448,0.03,-0.000400256202,-0.5,0.5,0,0
rmoss_rmua19,yaw,DM4310,linear,sine,2000,1,1,0.00608000833333,0.00608000833333,0.0567733509171,0.998778998779,PASS,OK,12000,10000,0.00170299554,0.00184495385,0.00319565828,0.00319565828,0.163798049,0.163614164,0.151606684,0,0,6.9035409,1.15059015,-0.102632199,0.0998392103,-0.00125453404,-0.5,0.5,0,0
rmoss_rmua19,yaw,DM4310,linear,sine,2000,1,0.8,0.00608000833333,0.00608000833333,0.0567733509171,0.998778998779,PASS,OK,12000,10000,0.00170299554,0.00184495385,0.00319565828,0.00319565828,0.163798049,0.163614164,0.151606684,0,0,6.9035409,1.15059015,-0.102632199,0.0998392103,-0.00125453404,-0.5,0.5,0,0
rmoss_rmua19,yaw,DM4310,regularized_terminal,sine,2000,1,1,0.00608000833333,0.00608000833333,0.0567733509171,0.998778998779,PASS,OK,12000,10000,0.000788019077,0.00084316027,0.00272605386,0.00154992221,0.192709073,0.192918193,0.17250361,0,0,10.957265,1.82621083,-0.101122422,0.0999164251,-0.00038498072,-0.5,0.5,0,0
rmoss_rmua19,yaw,DM4310,regularized_terminal,sine,2000,1,0.8,0.00608000833333,0.00608000833333,0.0567733509171,0.998778998779,PASS,OK,12000,10000,0.000788019077,0.00084316027,0.00272605386,0.00154992221,0.192709073,0.192918193,0.17250361,0,0,10.957265,1.82621083,-0.101122422,0.0999164251,-0.00038498072,-0.5,0.5,0,0
rmoss_rmua19,yaw,DM4310,linear,hold,2000,2,1,0.00608000833333,0.0121600166667,0.0499999998421,0.998778998779,PASS,OK,12000,10000,0.00340715477,0.00184767705,0.03,0.00307570887,0.143594041,0.144078144,0.136130766,0,0,4.62759463,0.771265771,-0.00307570971,0.03,-0.0013141757,-0.5,0.5,0,0
rmoss_rmua19,yaw,DM4310,linear,hold,2000,2,0.8,0.00608000833333,0.0121600166667,0.0499999998421,0.998778998779,PASS,OK,12000,10000,0.00340715477,0.00184767705,0.03,0.00307570887,0.143594041,0.144078144,0.136130766,0,0,4.62759463,0.771265771,-0.00307570971,0.03,-0.0013141757,-0.5,0.5,0,0
rmoss_rmua19,yaw,DM4310,regularized_terminal,hold,2000,2,1,0.00608000833333,0.0121600166667,0.0499999998421,0.998778998779,PASS,OK,12000,10000,0.00273443916,0.000843686093,0.03,0.00145585145,0.159006,0.158730159,0.148958338,0,0,6.84493284,1.14082214,-0.00145586919,0.03,-0.0004224054,-0.5,0.5,0,0
rmoss_rmua19,yaw,DM4310,regularized_terminal,hold,2000,2,0.8,0.00608000833333,0.0121600166667,0.0499999998421,0.998778998779,PASS,OK,12000,10000,0.00273443916,0.000843686093,0.03,0.00145585145,0.159006,0.158730159,0.148958338,0,0,6.84493284,1.14082214,-0.00145586919,0.03,-0.0004224054,-0.5,0.5,0,0
rmoss_rmua19,yaw,DM4310,linear,sine,2000,2,1,0.00608000833333,0.0121600166667,0.0621132651254,0.998778998779,PASS,OK,12000,10000,0.00176180681,0.00185645922,0.00499928887,0.00323669865,0.163821369,0.163614164,0.156477388,0,0,4.41269841,0.735449735,-0.103047043,0.100198179,-0.00134290445,-0.5,0.5,0,0
rmoss_rmua19,yaw,DM4310,linear,sine,2000,2,0.8,0.00608000833333,0.0121600166667,0.0621132651254,0.998778998779,PASS,OK,12000,10000,0.00176180681,0.00185645922,0.00499928887,0.00323669865,0.163821369,0.163614164,0.156477388,0,0,4.41269841,0.735449735,-0.103047043,0.100198179,-0.00134290445,-0.5,0.5,0,0
rmoss_rmua19,yaw,DM4310,regularized_terminal,sine,2000,2,1,0.00608000833333,0.0121600166667,0.0621132651254,0.998778998779,PASS,OK,12000,10000,0.00084581667,0.000847585021,0.00445991626,0.00153097286,0.192769334,0.192918193,0.179865321,0,0,6.85470085,1.14245014,-0.101281373,0.100103109,-0.000423161319,-0.5,0.5,0,0
rmoss_rmua19,yaw,DM4310,regularized_terminal,sine,2000,2,0.8,0.00608000833333,0.0121600166667,0.0621132651254,0.998778998779,PASS,OK,12000,10000,0.00084581667,0.000847585021,0.00445991626,0.00153097286,0.192769334,0.192918193,0.179865321,0,0,6.85470085,1.14245014,-0.101281373,0.100103109,-0.000423161319,-0.5,0.5,0,0
rmoss_rmua19,pitch,GM6020,linear,hold,500,0.5,1,0.004898175,0.0024490875,0.220725,0.999970092773,PASS,OK,3000,2500,0.0041227865,0.00302336225,0.0313955802,0.00508912797,0.352816641,0.352770996,0.341425971,0,0,94.9000111,15.8166685,-0.00508922903,0.0314048224,-0.00277294896,-0.785,0.5652,0,-0.220725
rmoss_rmua19,pitch,GM6020,linear,hold,500,0.5,0.8,0.004898175,0.0024490875,0.220725,0.999970092773,PASS,OK,3000,2500,0.00468688731,0.00281964952,0.0320710181,0.00490101256,0.311715186,0.311659607,0.304303836,0,0,91.1788198,15.19647,-0.000989627774,0.0320712673,0.0033817882,-0.785,0.5652,0,-0.220725
rmoss_rmua19,pitch,GM6020,regularized_terminal,hold,500,0.5,1,0.004898175,0.0024490875,0.220725,0.999970092773,PASS,OK,3000,2500,0.0031411598,0.001990537,0.0312743066,0.00367506147,0.368058264,0.368102966,0.35411011,0,0,108.510187,18.0850312,-0.00367528766,0.0312746168,-0.000465773547,-0.785,0.5652,0,-0.220725
rmoss_rmua19,pitch,GM6020,regularized_terminal,hold,500,0.5,0.8,0.004898175,0.0024490875,0.220725,0.999970092773,PASS,OK,3000,2500,0.00350388326,0.00192792562,0.0317905618,0.00356578145,0.327381909,0.327398621,0.317688013,0,0,106.069691,17.6782818,-0.00123969466,0.0317986593,0.00300425731,-0.785,0.5652,0,-0.220725
rmoss_rmua19,pitch,GM6020,linear,sine,500,0.5,1,0.004898175,0.0024490875,0.224396727739,0.999970092773,PASS,OK,3000,2500,0.00278920882,0.00304255193,0.00538492174,0.00538492174,0.337748855,0.337710388,0.327717703,0,0,94.7480482,15.7913414,-0.104287119,0.100152625,-0.00293072212,-0.785,0.5652,0,-0.220725
rmoss_rmua19,pitch,GM6020,linear,sine,500,0.5,0.8,0.004898175,0.0024490875,0.224396727739,0.999970092773,PASS,OK,3000,2500,0.00312140086,0.00288572796,0.0052036464,0.0052036464,0.305024981,0.30501123,0.298148769,0,0,91.4436694,15.2406116,-0.10009444,0.104390237,0.00355324567,-0.785,0.5652,0,-0.220725
rmoss_rmua19,pitch,GM6020,regularized_terminal,sine,500,0.5,1,0.004898175,0.0024490875,0.224396727739,0.999970092773,PASS,OK,3000,2500,0.00184407004,0.00199693944,0.00370735073,0.00370735073,0.358673453,0.358740967,0.343859599,0,0,108.510187,18.0850312,-0.103069494,0.100588383,-0.000439528828,-0.785,0.5652,0,-0.220725
rmoss_rmua19,pitch,GM6020,regularized_terminal,sine,500,0.5,0.8,0.004898175,0.0024490875,0.224396727739,0.999970092773,PASS,OK,3000,2500,0.00209086489,0.00194832979,0.00398082854,0.00361893956,0.332148671,0.332147461,0.320644504,0,0,106.689482,17.7815804,-0.100433932,0.103164041,0.00308480007,-0.785,0.5652,0,-0.220725
rmoss_rmua19,pitch,GM6020,linear,hold,500,1,1,0.004898175,0.004898175,0.220725,0.999970092773,PASS,OK,3000,2500,0.00372261382,0.00228739032,0.0307177141,0.003787043,0.344752997,0.344765808,0.336963043,0,0,5.54108258,0.923513763,-0.003787043,0.030728021,-0.00161385445,-0.785,0.5652,0,-0.220725
rmoss_rmua19,pitch,GM6020,linear,hold,500,1,0.8,0.004898175,0.004898175,0.220725,0.999970092773,PASS,OK,3000,2500,0.00425157787,0.00212293664,0.0311036119,0.0036047257,0.302272975,0.302297607,0.297438795,0,0,5.29984149,0.883306915,-0.000211200755,0.0311105883,0.00196150327,-0.785,0.5652,0,-0.220725
rmoss_rmua19,pitch,GM6020,regularized_terminal,hold,500,1,1,0.004898175,0.004898175,0.220725,0.999970092773,PASS,OK,3000,2500,0.00281108499,0.00104756183,0.0306595424,0.00184281278,0.358659685,0.358605286,0.348715126,0,0,11.8372308,1.9728718,-0.00184335482,0.0306600117,-0.000502641718,-0.785,0.5652,0,-0.220725
rmoss_rmua19,pitch,GM6020,regularized_terminal,hold,500,1,0.8,0.004898175,0.004898175,0.220725,0.999970092773,PASS,OK,3000,2500,0.0031591288,0.00096257665,0.0309551103,0.00166761625,0.316270828,0.316272766,0.310102108,0,0,11.6345231,1.93908719,-0.000247677361,0.0309583568,0.00108884703,-0.785,0.5652,0,-0.220725
rmoss_rmua19,pitch,GM6020,linear,sine,500,1,1,0.004898175,0.004898175,0.225814018482,0.999970092773,PASS,OK,3000,2500,0.00209175312,0.00228929995,0.00392781929,0.00392781929,0.313593447,0.313559143,0.299310461,0,0,5.31842981,0.886404968,-0.103327608,0.099853306,-0.00156244761,-0.785,0.5652,0,-0.220725
rmoss_rmua19,pitch,GM6020,linear,sine,500,1,0.8,0.004898175,0.004898175,0.225814018482,0.999970092773,PASS,OK,3000,2500,0.00236396288,0.00215118095,0.00374804068,0.00374804068,0.287738353,0.287779724,0.284115672,0,0,5.22291028,0.870485046,-0.0997669411,0.103405692,0.00201157804,-0.785,0.5652,0,-0.220725
rmoss_rmua19,pitch,GM6020,regularized_terminal,sine,500,1,1,0.004898175,0.004898175,0.225814018482,0.999970092773,PASS,OK,3000,2500,0.000959441204,0.00104861384,0.00192101382,0.00192101382,0.335602373,0.33553949,0.321213857,0,0,11.7087407,1.95145679,-0.101421942,0.0999481376,-0.000488922405,-0.785,0.5652,0,-0.220725
rmoss_rmua19,pitch,GM6020,regularized_terminal,sine,500,1,0.8,0.004898175,0.004898175,0.225814018482,0.999970092773,PASS,OK,3000,2500,0.00108592169,0.000977160343,0.00176285656,0.00173625852,0.303533375,0.303518738,0.297347974,0,0,11.5008772,1.91681287,-0.0998358223,0.101534035,0.00110146037,-0.785,0.5652,0,-0.220725
rmoss_rmua19,pitch,GM6020,linear,hold,500,2,1,0.004898175,0.00979635,0.220725,0.999970092773,PASS,OK,3000,2500,0.00382030733,0.00229347886,0.030366996,0.00379150168,0.340633929,0.340695374,0.335247517,0,0,3.58740967,0.597901611,-0.00379153507,0.0303710139,-0.00161183684,-0.785,0.5652,0,-0.220725
rmoss_rmua19,pitch,GM6020,linear,hold,500,2,0.8,0.004898175,0.00979635,0.220725,0.999970092773,PASS,OK,3000,2500,0.00436236843,0.00212839927,0.0305766627,0.00358421787,0.297336042,0.297277405,0.2941936,0,0,3.44915057,0.574858429,-0.000215195596,0.0305772368,0.00196443404,-0.785,0.5652,0,-0.220725
rmoss_rmua19,pitch,GM6020,regularized_terminal,hold,500,2,1,0.004898175,0.00979635,0.220725,0.999970092773,PASS,OK,3000,2500,0.00301292157,0.0010487138,0.0303353379,0.00179347177,0.353830755,0.353856445,0.347227495,0,0,5.54338916,0.923898193,-0.00179350843,0.0303361128,-0.000522114618,-0.785,0.5652,0,-0.220725
rmoss_rmua19,pitch,GM6020,regularized_terminal,hold,500,2,0.8,0.004898175,0.00979635,0.220725,0.999970092773,PASS,OK,3000,2500,0.00339795418,0.000963502614,0.0304964776,0.00160958163,0.310577601,0.310574158,0.30631906,0,0,5.38708447,0.897847412,-0.00019700633,0.0304965611,0.00106859739,-0.785,0.5652,0,-0.220725
rmoss_rmua19,pitch,GM6020,linear,sine,500,2,1,0.004898175,0.00979635,0.229918552747,0.999970092773,PASS,OK,3000,2500,0.00211817335,0.00230037875,0.00398632689,0.00398632689,0.252146065,0.252095581,0.248052086,0,0,3.3136051,0.552267517,-0.103735131,0.100210404,-0.00165574756,-0.785,0.5652,0,-0.220725
rmoss_rmua19,pitch,GM6020,linear,sine,500,2,0.8,0.004898175,0.00979635,0.229918552747,0.999970092773,PASS,OK,3000,2500,0.00235461551,0.00208339085,0.00377813391,0.00362058987,0.269113183,0.269055725,0.264197397,0,0,3.35213855,0.558689758,-0.100174768,0.103763662,0.0019182788,-0.785,0.5652,0,-0.220725
rmoss_rmua19,pitch,GM6020,regularized_terminal,sine,500,2,1,0.004898175,0.00979635,0.229918552747,0.999970092773,PASS,OK,3000,2500,0.000979678209,0.00105160696,0.00282744911,0.00187750975,0.275257289,0.275297058,0.270633197,0,0,5.24882538,0.87480423,-0.101576254,0.100105968,-0.000528700748,-0.785,0.5652,0,-0.220725
rmoss_rmua19,pitch,GM6020,regularized_terminal,sine,500,2,0.8,0.004898175,0.00979635,0.229918552747,0.999970092773,PASS,OK,3000,2500,0.00108282037,0.00094357469,0.00238714384,0.00161218004,0.292854548,0.292799927,0.288481752,0,0,5.28980109,0.881633514,-0.099987132,0.10169399,0.00106265716,-0.785,0.5652,0,-0.220725
rmoss_rmua19,pitch,GM6020,linear,hold,1000,0.5,1,0.004898175,0.0024490875,0.220725,0.999970092773,PASS,OK,6000,5000,0.00386806807,0.0026050583,0.0313881319,0.00434024528,0.353458881,0.353449402,0.340703742,0,0,98.9218718,16.4869786,-0.00434221533,0.0313925683,-0.00246537074,-0.785,0.5652,0,-0.220725
rmoss_rmua19,pitch,GM6020,linear,hold,1000,0.5,0.8,0.004898175,0.0024490875,0.220725,0.999970092773,PASS,OK,6000,5000,0.0044199168,0.00241989277,0.032045441,0.00425454009,0.312563688,0.312609375,0.304031912,0,0,93.7263691,15.6210615,-0.000827246901,0.032045441,0.00213570572,-0.785,0.5652,0,-0.220725
rmoss_rmua19,pitch,GM6020,regularized_terminal,hold,1000,0.5,1,0.004898175,0.0024490875,0.220725,0.999970092773,PASS,OK,6000,5000,0.00294858953,0.00163856959,0.0312613816,0.00296591431,0.36889261,0.368917053,0.353162494,0,0,112.591341,18.7652235,-0.00296737269,0.0312621723,-0.000620874797,-0.785,0.5652,0,-0.220725
rmoss_rmua19,pitch,GM6020,regularized_terminal,hold,1000,0.5,0.8,0.004898175,0.0024490875,0.220725,0.999970092773,PASS,OK,6000,5000,0.00328213275,0.00156749076,0.0317700592,0.00284858744,0.328277409,0.328212708,0.317250501,0,0,109.157658,18.192943,-0.00103907624,0.031774301,0.00134555611,-0.785,0.5652,0,-0.220725
rmoss_rmua19,pitch,GM6020,linear,sine,1000,0.5,1,0.004898175,0.0024490875,0.224396727739,0.999970092773,PASS,OK,6000,5000,0.00239687223,0.00261590536,0.00465510944,0.00465510944,0.336305231,0.336353577,0.325211009,0,0,98.8743834,16.4790639,-0.103731398,0.100067977,-0.00237060879,-0.785,0.5652,0,-0.220725
rmoss_rmua19,pitch,GM6020,linear,sine,1000,0.5,0.8,0.004898175,0.0024490875,0.224396727739,0.999970092773,PASS,OK,6000,5000,0.00271934192,0.00249056816,0.00455618883,0.00455618883,0.302113801,0.302161926,0.294603815,0,0,93.9791431,15.6631905,-0.100026583,0.104016004,0.0022371986,-0.785,0.5652,0,-0.220725
rmoss_rmua19,pitch,GM6020,regularized_terminal,sine,1000,0.5,1,0.004898175,0.0024490875,0.224396727739,0.999970092773,PASS,OK,6000,5000,0.00151616396,0.00164293677,0.00294814889,0.00294814889,0.355487764,0.355484619,0.339217367,0,0,112.650227,18.7750378,-0.102366059,0.100360869,-0.00100417906,-0.785,0.5652,0,-0.220725
rmoss_rmua19,pitch,GM6020,regularized_terminal,sine,1000,0.5,0.8,0.004898175,0.0024490875,0.224396727739,0.999970092773,PASS,OK,6000,5000,0.00171021124,0.00159398076,0.00334361624,0.00294512586,0.327809572,0.327805664,0.31499094,0,0,109.837149,18.3061915,-0.100247479,0.102512423,0.00135791377,-0.785,0.5652,0,-0.220725
rmoss_rmua19,pitch,GM6020,linear,hold,1000,1,1,0.004898175,0.004898175,0.220725,0.999970092773,PASS,OK,6000,5000,0.00371622808,0.00228724599,0.0307245955,0.00378356826,0.345087051,0.34503717,0.336451679,0,0,5.5805658,0.930094299,-0.00378359962,0.0307246437,-0.00161553487,-0.785,0.5652,0,-0.220725
rmoss_rmua19,pitch,GM6020,linear,hold,1000,1,0.8,0.004898175,0.004898175,0.220725,0.999970092773,PASS,OK,6000,5000,0.00424450523,0.00212293834,0.0311024662,0.00360178241,0.302642763,0.302704651,0.297181864,0,0,5.33471155,0.889118591,-0.000207485262,0.0311024662,0.0019608978,-0.785,0.5652,0,-0.220725
rmoss_rmua19,pitch,GM6020,regularized_terminal,hold,1000,1,1,0.004898175,0.004898175,0.220725,0.999970092773,PASS,OK,6000,5000,0.00280064579,0.00104706389,0.0306560954,0.00182681759,0.359095931,0.35914801,0.348401649,0,0,9.40121136,1.56686856,-0.00182690712,0.0306563741,-0.000503516951,-0.785,0.5652,0,-0.220725
rmoss_rmua19,pitch,GM6020,regularized_terminal,hold,1000,1,0.8,0.004898175,0.004898175,0.220725,0.999970092773,PASS,OK,6000,5000,0.00314991555,0.0009620101,0.0309501322,0.00165092679,0.316828489,0.316815491,0.309634569,0,0,9.24246442,1.54041074,-0.000231444905,0.0309511455,0.00108785812,-0.785,0.5652,0,-0.220725
rmoss_rmua19,pitch,GM6020,linear,sine,1000,1,1,0.004898175,0.004898175,0.225814018482,0.999970092773,PASS,OK,6000,5000,0.00209183651,0.00228919994,0.00392313079,0.00392313079,0.304775774,0.304739868,0.289536933,0,0,5.35140033,0.891900055,-0.103334699,0.0998494391,-0.0015653402,-0.785,0.5652,0,-0.220725
rmoss_rmua19,pitch,GM6020,linear,sine,1000,1,0.8,0.004898175,0.004898175,0.225814018482,0.999970092773,PASS,OK,6000,5000,0.00236054587,0.00215125968,0.00374656003,0.00374656003,0.286643505,0.286694275,0.282440983,0,0,5.2868161,0.881136017,-0.0997737358,0.103399991,0.00200911974,-0.785,0.5652,0,-0.220725
rmoss_rmua19,pitch,GM6020,regularized_terminal,sine,1000,1,1,0.004898175,0.004898175,0.225814018482,0.999970092773,PASS,OK,6000,5000,0.000958932274,0.00104808742,0.00190297497,0.00190297497,0.332627892,0.332690186,0.31298929,0,0,9.34951685,1.55825281,-0.10141502,0.099927723,-0.000490188543,-0.785,0.5652,0,-0.220725
rmoss_rmua19,pitch,GM6020,regularized_terminal,sine,1000,1,0.8,0.004898175,0.004898175,0.225814018482,0.999970092773,PASS,OK,6000,5000,0.00108214884,0.000976634928,0.00172043342,0.00172043342,0.301327735,0.301347839,0.294553025,0,0,9.14138196,1.52356366,-0.09982921,0.10151431,0.00110081344,-0.785,0.5652,0,-0.220725
rmoss_rmua19,pitch,GM6020,linear,hold,1000,2,1,0.004898175,0.00979635,0.220725,0.999970092773,PASS,OK,6000,5000,0.00381407174,0.00229340929,0.0303700652,0.00379100714,0.340809196,0.340831055,0.334988479,0,0,3.75158386,0.625263977,-0.00379100917,0.0303701536,-0.00161574702,-0.785,0.5652,0,-0.220725
rmoss_rmua19,pitch,GM6020,linear,hold,1000,2,0.8,0.004898175,0.00979635,0.220725,0.999970092773,PASS,OK,6000,5000,0.00435589281,0.00212821131,0.0305744684,0.00358418255,0.297528625,0.297548767,0.293970861,0,0,3.62051587,0.603419312,-0.00021457595,0.0305751468,0.00196065892,-0.785,0.5652,0,-0.220725
rmoss_rmua19,pitch,GM6020,regularized_terminal,hold,1000,2,1,0.004898175,0.00979635,0.220725,0.999970092773,PASS,OK,6000,5000,0.00300354561,0.00104865874,0.0303344866,0.00179378889,0.354059935,0.354127808,0.346791594,0,0,5.69996521,0.949994202,-0.001793795,0.0303351765,-0.000522743438,-0.785,0.5652,0,-0.220725
rmoss_rmua19,pitch,GM6020,regularized_terminal,hold,1000,2,0.8,0.004898175,0.00979635,0.220725,0.999970092773,PASS,OK,6000,5000,0.00338986293,0.000963417751,0.0304945248,0.00160997135,0.310874432,0.31084552,0.306115672,0,0,5.54922345,0.924870575,-0.000196927231,0.0304946609,0.00106838567,-0.785,0.5652,0,-0.220725
rmoss_rmua19,pitch,GM6020,linear,sine,1000,2,1,0.004898175,0.00979635,0.229918552747,0.999970092773,PASS,OK,6000,5000,0.00211870614,0.00230023627,0.00398443087,0.00398443087,0.247487605,0.247482422,0.243694112,0,0,3.47696521,0.579494202,-0.103736702,0.100209461,-0.00166171146,-0.785,0.5652,0,-0.220725
rmoss_rmua19,pitch,GM6020,linear,sine,1000,2,0.8,0.004898175,0.00979635,0.229918552747,0.999970092773,PASS,OK,6000,5000,0.00235417203,0.00208338363,0.00377745395,0.00362231734,0.262421131,0.262407349,0.257579135,0,0,3.51007141,0.585011902,-0.100176338,0.103761145,0.0019126065,-0.785,0.5652,0,-0.220725
rmoss_rmua19,pitch,GM6020,regularized_terminal,sine,1000,2,1,0.004898175,0.00979635,0.229918552747,0.999970092773,PASS,OK,6000,5000,0.000980320272,0.00105154773,0.00283883215,0.0018762532,0.26906088,0.269055725,0.2640469,0,0,5.40458734,0.900764557,-0.101577391,0.100104576,-0.000529729081,-0.785,0.5652,0,-0.220725
rmoss_rmua19,pitch,GM6020,regularized_terminal,sine,1000,2,0.8,0.004898175,0.00979635,0.229918552747,0.999970092773,PASS,OK,6000,5000,0.00108260194,0.000943549228,0.00239353971,0.00161335506,0.291567326,0.291578796,0.284562965,0,0,5.45153302,0.908588837,-0.0999880475,0.101692246,0.00106144377,-0.785,0.5652,0,-0.220725
rmoss_rmua19,pitch,GM6020,linear,hold,2000,0.5,1,0.004898175,0.0024490875,0.220725,0.999970092773,PASS,OK,12000,10000,0.00378680728,0.00246448568,0.0313867354,0.00432745792,0.353834331,0.353856445,0.340335517,0,0,98.6098052,16.4349675,-0.00432756965,0.0313867354,-0.00165122855,-0.785,0.5652,0,-0.220725
rmoss_rmua19,pitch,GM6020,linear,hold,2000,0.5,0.8,0.004898175,0.0024490875,0.220725,0.999970092773,PASS,OK,12000,10000,0.00430753076,0.00228001153,0.032033657,0.00412824125,0.312892079,0.312880737,0.303820819,0,0,92.9938266,15.4989711,-0.000763071169,0.032033657,0.00254581031,-0.785,0.5652,0,-0.220725
rmoss_rmua19,pitch,GM6020,regularized_terminal,hold,2000,0.5,1,0.004898175,0.0024490875,0.220725,0.999970092773,PASS,OK,12000,10000,0.00287100464,0.00148452142,0.0312553164,0.00257856949,0.369381309,0.369324097,0.35283431,0,0,115.149745,19.1916241,-0.00257887139,0.0312564223,-0.00149990855,-0.785,0.5652,0,-0.220725
rmoss_rmua19,pitch,GM6020,regularized_terminal,hold,2000,0.5,0.8,0.004898175,0.0024490875,0.220725,0.999970092773,PASS,OK,12000,10000,0.00320178004,0.00141296354,0.0317634068,0.00248985197,0.328713715,0.328755432,0.31701627,0,0,111.200202,18.533367,-0.000947974178,0.0317634068,0.00130522237,-0.785,0.5652,0,-0.220725
rmoss_rmua19,pitch,GM6020,linear,sine,2000,0.5,1,0.004898175,0.0024490875,0.224396727739,0.999970092773,PASS,OK,12000,10000,0.00226854997,0.00247633228,0.00446461768,0.00446461768,0.335698992,0.335675171,0.32395846,0,0,98.5746638,16.4291106,-0.103642072,0.100017614,-0.00160618008,-0.785,0.5652,0,-0.220725
rmoss_rmua19,pitch,GM6020,linear,sine,2000,0.5,0.8,0.004898175,0.0024490875,0.224396727739,0.999970092773,PASS,OK,12000,10000,0.00255740565,0.00235745162,0.00434906376,0.00434906376,0.30124563,0.301212158,0.293309445,0,0,93.2189216,15.5364869,-0.0999707082,0.103744887,0.00264069095,-0.785,0.5652,0,-0.220725
rmoss_rmua19,pitch,GM6020,regularized_terminal,sine,2000,0.5,1,0.004898175,0.0024490875,0.224396727739,0.999970092773,PASS,OK,12000,10000,0.00137422553,0.00149026449,0.0027020074,0.0027020074,0.354250073,0.354263489,0.33721013,0,0,115.2435,19.2072501,-0.102114173,0.100318183,-0.00146790435,-0.785,0.5652,0,-0.220725
rmoss_rmua19,pitch,GM6020,regularized_terminal,sine,2000,0.5,0.8,0.004898175,0.0024490875,0.224396727739,0.999970092773,PASS,OK,12000,10000,0.00156061043,0.00144239994,0.00309115702,0.00259562438,0.326095343,0.326041809,0.312780546,0,0,111.854321,18.6423868,-0.100200039,0.102398878,0.00132907432,-0.785,0.5652,0,-0.220725
rmoss_rmua19,pitch,GM6020,linear,hold,2000,1,1,0.004898175,0.004898175,0.220725,0.999970092773,PASS,OK,12000,10000,0.00371294363,0.00228724572,0.0307228008,0.00378217139,0.345279038,0.345308533,0.336245296,0,0,5.68327643,0.947212738,-0.00378217925,0.0307228906,-0.0016176583,-0.785,0.5652,0,-0.220725
rmoss_rmua19,pitch,GM6020,linear,hold,2000,1,0.8,0.004898175,0.004898175,0.220725,0.999970092773,PASS,OK,12000,10000,0.00424126262,0.00212291294,0.0310991875,0.00360072473,0.302831173,0.302840332,0.297074577,0,0,5.44420624,0.907367706,-0.00020577058,0.0310991875,0.00195859228,-0.785,0.5652,0,-0.220725
rmoss_rmua19,pitch,GM6020,regularized_terminal,hold,2000,1,1,0.004898175,0.004898175,0.220725,0.999970092773,PASS,OK,12000,10000,0.00279569953,0.00104690952,0.0306545353,0.0018220865,0.359347254,0.359283691,0.348091083,0,0,8.80434998,1.46739166,-0.00182213408,0.0306547563,-0.000506144669,-0.785,0.5652,0,-0.220725
rmoss_rmua19,pitch,GM6020,regularized_terminal,hold,2000,1,0.8,0.004898175,0.004898175,0.220725,0.999970092773,PASS,OK,12000,10000,0.00314547019,0.000961810835,0.0309473893,0.00164565843,0.317052007,0.317086853,0.309480025,0,0,8.64845233,1.44140872,-0.000225897387,0.030947725,0.00108511978,-0.785,0.5652,0,-0.220725
rmoss_rmua19,pitch,GM6020,linear,sine,2000,1,1,0.004898175,0.004898175,0.225814018482,0.999970092773,PASS,OK,12000,10000,0.00209190439,0.00228915933,0.00392082965,0.00392082965,0.300153762,0.300126709,0.284835728,0,0,5.44488464,0.907480774,-0.103337328,0.0998485787,-0.00156747287,-0.785,0.5652,0,-0.220725
rmoss_rmua19,pitch,GM6020,linear,sine,2000,1,0.8,0.004898175,0.004898175,0.225814018482,0.999970092773,PASS,OK,12000,10000,0.00235914488,0.00215134176,0.00374531697,0.00374531697,0.286100924,0.28615155,0.281628363,0,0,5.41259253,0.902098755,-0.0997763845,0.103398734,0.00200660131,-0.785,0.5652,0,-0.220725
rmoss_rmua19,pitch,GM6020,regularized_terminal,sine,2000,1,1,0.004898175,0.004898175,0.225814018482,0.999970092773,PASS,OK,12000,10000,0.0009588211,0.00104794073,0.00189740458,0.00189740458,0.326920748,0.326855896,0.306751554,0,0,8.72741876,1.45456979,-0.101413079,0.0999236977,-0.000492653889,-0.785,0.5652,0,-0.220725
rmoss_rmua19,pitch,GM6020,regularized_terminal,sine,2000,1,0.8,0.004898175,0.004898175,0.225814018482,0.999970092773,PASS,OK,12000,10000,0.00108079882,0.000976513874,0.00171512837,0.00171512837,0.30025059,0.30026239,0.29305631,0,0,8.58413947,1.43068991,-0.0998268764,0.101510362,0.00109807458,-0.785,0.5652,0,-0.220725
rmoss_rmua19,pitch,GM6020,linear,hold,2000,2,1,0.004898175,0.00979635,0.220725,0.999970092773,PASS,OK,12000,10000,0.00381080491,0.00229334747,0.0303695787,0.00379092357,0.340908945,0.340966736,0.334864475,0,0,3.83801276,0.639668793,-0.00379092683,0.0303696557,-0.00161798838,-0.785,0.5652,0,-0.220725
rmoss_rmua19,pitch,GM6020,linear,hold,2000,2,0.8,0.004898175,0.00979635,0.220725,0.999970092773,PASS,OK,12000,10000,0.00435287324,0.00212825446,0.0305741224,0.00358400985,0.297628015,0.297684448,0.293861041,0,0,3.71047247,0.618412079,-0.000214435042,0.030574128,0.00195849633,-0.785,0.5652,0,-0.220725
rmoss_rmua19,pitch,GM6020,regularized_terminal,hold,2000,2,1,0.004898175,0.00979635,0.220725,0.999970092773,PASS,OK,12000,10000,0.0029988794,0.00104865577,0.03033456,0.00179396816,0.354190528,0.354127808,0.346595747,0,0,5.76332831,0.960554718,-0.00179396816,0.030334717,-0.000522885289,-0.785,0.5652,0,-0.220725
rmoss_rmua19,pitch,GM6020,regularized_terminal,hold,2000,2,0.8,0.004898175,0.00979635,0.220725,0.999970092773,PASS,OK,12000,10000,0.00338575638,0.000963422178,0.0304934819,0.0016102075,0.310992241,0.310981201,0.305979558,0,0,5.61679266,0.936132111,-0.000197266886,0.0304936508,0.00106832573,-0.785,0.5652,0,-0.220725
rmoss_rmua19,pitch,GM6020,linear,sine,2000,2,1,0.004898175,0.00979635,0.229918552747,0.999970092773,PASS,OK,12000,10000,0.00211901517,0.00230018979,0.00398379279,0.00398379279,0.245075122,0.245040161,0.241403822,0,0,3.57017816,0.595029694,-0.10373767,0.100208737,-0.00166425114,-0.785,0.5652,0,-0.220725
rmoss_rmua19,pitch,GM6020,linear,sine,2000,2,0.8,0.004898175,0.00979635,0.229918552747,0.999970092773,PASS,OK,12000,10000,0.00235404158,0.00208345363,0.00377719177,0.00362288429,0.25892964,0.258879639,0.254245811,0,0,3.59894257,0.599823761,-0.100176905,0.103760658,0.00190987345,-0.785,0.5652,0,-0.220725
rmoss_rmua19,pitch,GM6020,regularized_terminal,sine,2000,2,1,0.004898175,0.00979635,0.229918552747,0.999970092773,PASS,OK,12000,10000,0.00098066318,0.00105152848,0.00284477763,0.00187574367,0.265737385,0.265799377,0.260833993,0,0,5.46265887,0.910443146,-0.101578154,0.10010357,-0.000529557995,-0.785,0.5652,0,-0.220725
rmoss_rmua19,pitch,GM6020,regularized_terminal,sine,2000,2,0.8,0.004898175,0.00979635,0.229918552747,0.999970092773,PASS,OK,12000,10000,0.00108261244,0.000943572525,0.00239693526,0.00161395551,0.286916137,0.286965637,0.279978243,0,0,5.51177545,0.918629242,-0.0999888997,0.101691289,0.00106139646,-0.785,0.5652,0,-0.220725
rmoss_rmua19,pitch,DM4310,linear,hold,500,0.5,1,0.004898175,0.0024490875,0.220725,0.998778998779,PASS,OK,3000,2500,0.00412836549,0.00302613791,0.0314039554,0.0051245,0.352885783,0.354090354,0.340640909,0,0,94.7570208,15.7928368,-0.00512560186,0.0314142857,-0.00300577762,-0.785,0.5652,0,-0.220725
rmoss_rmua19,pitch,DM4310,linear,hold,500,0.5,0.8,0.004898175,0.0024490875,0.220725,0.998778998779,PASS,OK,3000,2500,0.00468457611,0.00281543006,0.0320769794,0.00490989977,0.311749101,0.31013431,0.304497806,0,0,90.8693529,15.1448921,-0.000987589045,0.0320773078,0.00320136115,-0.785,0.5652,0,-0.220725
rmoss_rmua19,pitch,DM4310,regularized_terminal,hold,500,0.5,1,0.004898175,0.0024490875,0.220725,0.998778998779,PASS,OK,3000,2500,0.0031435566,0.00199143113,0.0312733697,0.00365413755,0.368022442,0.368742369,0.355024563,0,0,108.490842,18.0818071,-0.00365994002,0.0312736456,-0.000495133789,-0.785,0.5652,0,-0.220725
rmoss_rmua19,pitch,DM4310,regularized_terminal,hold,500,0.5,0.8,0.004898175,0.0024490875,0.220725,0.998778998779,PASS,OK,3000,2500,0.00350003597,0.00192178482,0.0317775492,0.00345123609,0.327325135,0.32967033,0.31641825,0,0,106.058608,17.6764347,-0.00127548046,0.0317842581,0.00301673845,-0.785,0.5652,0,-0.220725
rmoss_rmua19,pitch,DM4310,linear,sine,500,0.5,1,0.004898175,0.0024490875,0.224396727739,0.998778998779,PASS,OK,3000,2500,0.00278677389,0.00304001214,0.00540026729,0.00540026729,0.337736785,0.339438339,0.328400419,0,0,94.6837607,15.7806268,-0.104292197,0.100128996,-0.00295390431,-0.785,0.5652,0,-0.220725
rmoss_rmua19,pitch,DM4310,linear,sine,500,0.5,0.8,0.004898175,0.0024490875,0.224396727739,0.998778998779,PASS,OK,3000,2500,0.00310637229,0.00286654103,0.00517328317,0.00517328317,0.305244565,0.305250305,0.298941617,0,0,91.2210012,15.2035002,-0.100073038,0.104399139,0.00351064913,-0.785,0.5652,0,-0.220725
rmoss_rmua19,pitch,DM4310,regularized_terminal,sine,500,0.5,1,0.004898175,0.0024490875,0.224396727739,0.998778998779,PASS,OK,3000,2500,0.00184272022,0.00199543002,0.00373603812,0.00373603812,0.358827412,0.358974359,0.344656006,0,0,108.510379,18.0850631,-0.103016561,0.100603279,-0.000304163715,-0.785,0.5652,0,-0.220725
rmoss_rmua19,pitch,DM4310,regularized_terminal,sine,500,0.5,0.8,0.004898175,0.0024490875,0.224396727739,0.998778998779,PASS,OK,3000,2500,0.0020897287,0.00194755692,0.00398595485,0.0036113072,0.332019031,0.32967033,0.319277358,0,0,106.639805,17.7733008,-0.100472932,0.103201917,0.0030974881,-0.785,0.5652,0,-0.220725
rmoss_rmua19,pitch,DM4310,linear,hold,500,1,1,0.004898175,0.004898175,0.220725,0.998778998779,PASS,OK,3000,2500,0.00372425258,0.00228801021,0.0307220366,0.00379650516,0.344794333,0.344322344,0.337316061,0,0,5.80952381,0.968253968,-0.00379656037,0.030733143,-0.00158365667,-0.785,0.5652,0,-0.220725
rmoss_rmua19,pitch,DM4310,linear,hold,500,1,0.8,0.004898175,0.004898175,0.220725,0.998778998779,PASS,OK,3000,2500,0.00425709399,0.00212708881,0.0311184874,0.00363210131,0.30232808,0.3003663,0.297369955,0,0,5.55067155,0.925111925,-0.000209391041,0.0311236391,0.00197154537,-0.785,0.5652,0,-0.220725
rmoss_rmua19,pitch,DM4310,regularized_terminal,hold,500,1,1,0.004898175,0.004898175,0.220725,0.998778998779,PASS,OK,3000,2500,0.00280844464,0.00104684508,0.0306564093,0.00186148979,0.358634919,0.358974359,0.349688359,0,0,11.8656899,1.97761498,-0.00186241906,0.0306566862,-0.000505125068,-0.785,0.5652,0,-0.220725
rmoss_rmua19,pitch,DM4310,regularized_terminal,hold,500,1,0.8,0.004898175,0.004898175,0.220725,0.998778998779,PASS,OK,3000,2500,0.00315932474,0.000963269584,0.0309512373,0.00168045857,0.316243261,0.315018315,0.309507716,0,0,11.5677656,1.92796093,-0.000249270301,0.0309546088,0.00109903243,-0.785,0.5652,0,-0.220725
rmoss_rmua19,pitch,DM4310,linear,sine,500,1,1,0.004898175,0.004898175,0.225814018482,0.998778998779,PASS,OK,3000,2500,0.00209012451,0.00228758305,0.0039318845,0.0039318845,0.312812448,0.315018315,0.298495319,0,0,5.32600733,0.887667888,-0.103359719,0.0998582386,-0.00156290472,-0.785,0.5652,0,-0.220725
rmoss_rmua19,pitch,DM4310,linear,sine,500,1,0.8,0.004898175,0.004898175,0.225814018482,0.998778998779,PASS,OK,3000,2500,0.00236318209,0.00214929325,0.00376777383,0.00376777383,0.287813842,0.285714286,0.284567073,0,0,5.32600733,0.887667888,-0.0997559895,0.103404455,0.00202275212,-0.785,0.5652,0,-0.220725
rmoss_rmua19,pitch,DM4310,regularized_terminal,sine,500,1,1,0.004898175,0.004898175,0.225814018482,0.998778998779,PASS,OK,3000,2500,0.000958379633,0.00104746827,0.00191782282,0.00191782282,0.335573375,0.334554335,0.321551007,0,0,11.6996337,1.94993895,-0.101420136,0.0999501106,-0.000485109777,-0.785,0.5652,0,-0.220725
rmoss_rmua19,pitch,DM4310,regularized_terminal,sine,500,1,0.8,0.004898175,0.004898175,0.225814018482,0.998778998779,PASS,OK,3000,2500,0.00108530812,0.000975176319,0.00174002849,0.00174002849,0.303416699,0.305250305,0.297763108,0,0,11.6800977,1.94668295,-0.0998443455,0.101532981,0.00110803719,-0.785,0.5652,0,-0.220725
rmoss_rmua19,pitch,DM4310,linear,hold,500,2,1,0.004898175,0.00979635,0.220725,0.998778998779,PASS,OK,3000,2500,0.0038241608,0.00229770061,0.0303692323,0.00381214818,0.340645671,0.339438339,0.336202883,0,0,3.63614164,0.606023606,-0.00381219895,0.0303728807,-0.00160345613,-0.785,0.5652,0,-0.220725
rmoss_rmua19,pitch,DM4310,linear,hold,500,2,0.8,0.004898175,0.00979635,0.220725,0.998778998779,PASS,OK,3000,2500,0.00436313054,0.00212683804,0.0305826192,0.00360208144,0.297350287,0.295482295,0.294738395,0,0,3.5970696,0.5995116,-0.000234108235,0.0305828368,0.00197880668,-0.785,0.5652,0,-0.220725
rmoss_rmua19,pitch,DM4310,regularized_terminal,hold,500,2,1,0.004898175,0.00979635,0.220725,0.998778998779,PASS,OK,3000,2500,0.00301408251,0.00104871735,0.0303357797,0.0018058522,0.353835404,0.354090354,0.347035743,0,0,5.58485958,0.930809931,-0.00180589941,0.0303365866,-0.00053161025,-0.785,0.5652,0,-0.220725
rmoss_rmua19,pitch,DM4310,regularized_terminal,hold,500,2,0.8,0.004898175,0.00979635,0.220725,0.998778998779,PASS,OK,3000,2500,0.00339842918,0.000964225696,0.0304975456,0.00162574866,0.310579717,0.31013431,0.307089638,0,0,5.41391941,0.902319902,-0.000210123626,0.0304976123,0.00106371378,-0.785,0.5652,0,-0.220725
rmoss_rmua19,pitch,DM4310,linear,sine,500,2,1,0.004898175,0.00979635,0.229918552747,0.998778998779,PASS,OK,3000,2500,0.00211679496,0.00229867486,0.00398632669,0.00398632669,0.250562429,0.251526252,0.247589566,0,0,3.47496947,0.579161579,-0.10369649,0.100213612,-0.0016470373,-0.785,0.5652,0,-0.220725
rmoss_rmua19,pitch,DM4310,linear,sine,500,2,0.8,0.004898175,0.00979635,0.229918552747,0.998778998779,PASS,OK,3000,2500,0.00235525275,0.0020848662,0.00378465454,0.00362357126,0.269397229,0.271062271,0.264388398,0,0,3.66056166,0.61009361,-0.100152076,0.103754384,0.00194140272,-0.785,0.5652,0,-0.220725
rmoss_rmua19,pitch,DM4310,regularized_terminal,sine,500,2,1,0.004898175,0.00979635,0.229918552747,0.998778998779,PASS,OK,3000,2500,0.000980062571,0.00105177962,0.00284340832,0.00188069212,0.276176304,0.275946276,0.270566407,0,0,5.3015873,0.883597884,-0.101568599,0.100107705,-0.000533115631,-0.785,0.5652,0,-0.220725
rmoss_rmua19,pitch,DM4310,regularized_terminal,sine,500,2,0.8,0.004898175,0.00979635,0.229918552747,0.998778998779,PASS,OK,3000,2500,0.00108142514,0.000942603265,0.00239217331,0.00162420217,0.292942703,0.290598291,0.288965857,0,0,5.24297924,0.873829874,-0.0999871058,0.101698583,0.00106716791,-0.785,0.5652,0,-0.220725
rmoss_rmua19,pitch,DM4310,linear,hold,1000,0.5,1,0.004898175,0.0024490875,0.220725,0.998778998779,PASS,OK,6000,5000,0.00386573324,0.00260480634,0.0313886292,0.00433277196,0.353475869,0.354090354,0.340973863,0,0,98.8547009,16.4757835,-0.00433277196,0.0313931646,-0.00245920508,-0.785,0.5652,0,-0.220725
rmoss_rmua19,pitch,DM4310,linear,hold,1000,0.5,0.8,0.004898175,0.0024490875,0.220725,0.998778998779,PASS,OK,6000,5000,0.00442388337,0.00242248555,0.0320478654,0.00428685259,0.312552035,0.31013431,0.303312415,0,0,94.1318681,15.6886447,-0.000819701818,0.0320478996,0.00213250872,-0.785,0.5652,0,-0.220725
rmoss_rmua19,pitch,DM4310,regularized_terminal,hold,1000,0.5,1,0.004898175,0.0024490875,0.220725,0.998778998779,PASS,OK,6000,5000,0.0029466083,0.00163822886,0.0312509624,0.00300913363,0.368803918,0.368742369,0.354114015,0,0,112.647131,18.7745218,-0.00300915133,0.0312522591,-0.000550596478,-0.785,0.5652,0,-0.220725
rmoss_rmua19,pitch,DM4310,regularized_terminal,hold,1000,0.5,0.8,0.004898175,0.0024490875,0.220725,0.998778998779,PASS,OK,6000,5000,0.00327921662,0.00156826273,0.0317534718,0.00284796303,0.32815367,0.32967033,0.318065162,0,0,109.477411,18.2462352,-0.00104264105,0.0317574012,0.00144280135,-0.785,0.5652,0,-0.220725
rmoss_rmua19,pitch,DM4310,linear,sine,1000,0.5,1,0.004898175,0.0024490875,0.224396727739,0.998778998779,PASS,OK,6000,5000,0.00239398977,0.00261283502,0.00466993011,0.00466993011,0.336384207,0.334554335,0.32495581,0,0,98.7130647,16.4521775,-0.103735356,0.100066163,-0.0023657281,-0.785,0.5652,0,-0.220725
rmoss_rmua19,pitch,DM4310,linear,sine,1000,0.5,0.8,0.004898175,0.0024490875,0.224396727739,0.998778998779,PASS,OK,6000,5000,0.00271841285,0.00248830173,0.00456246648,0.00456246648,0.302176356,0.3003663,0.294369869,0,0,93.9120879,15.6520147,-0.100026165,0.103986727,0.00225123265,-0.785,0.5652,0,-0.220725
rmoss_rmua19,pitch,DM4310,regularized_terminal,sine,1000,0.5,1,0.004898175,0.0024490875,0.224396727739,0.998778998779,PASS,OK,6000,5000,0.00151729984,0.00164417171,0.00296855568,0.00296855568,0.355325401,0.354090354,0.337815266,0,0,112.945055,18.8241758,-0.102348057,0.100354288,-0.00109491996,-0.785,0.5652,0,-0.220725
rmoss_rmua19,pitch,DM4310,regularized_terminal,sine,1000,0.5,0.8,0.004898175,0.0024490875,0.224396727739,0.998778998779,PASS,OK,6000,5000,0.00170731035,0.00159248834,0.00334784643,0.00294281803,0.327772588,0.32967033,0.314682763,0,0,109.80464,18.3007733,-0.100262289,0.102522838,0.00140343047,-0.785,0.5652,0,-0.220725
rmoss_rmua19,pitch,DM4310,linear,hold,1000,1,1,0.004898175,0.004898175,0.220725,0.998778998779,PASS,OK,6000,5000,0.00371644464,0.00228843365,0.0307237064,0.0037919773,0.3450858,0.344322344,0.336580778,0,0,5.71672772,0.952787953,-0.00379212808,0.0307237781,-0.00161258348,-0.785,0.5652,0,-0.220725
rmoss_rmua19,pitch,DM4310,linear,hold,1000,1,0.8,0.004898175,0.004898175,0.220725,0.998778998779,PASS,OK,6000,5000,0.00424548058,0.00211976591,0.0311064433,0.00361015888,0.302632868,0.3003663,0.297444702,0,0,5.43345543,0.905575906,-0.00021757844,0.031106467,0.00196580792,-0.785,0.5652,0,-0.220725
rmoss_rmua19,pitch,DM4310,regularized_terminal,hold,1000,1,1,0.004898175,0.004898175,0.220725,0.998778998779,PASS,OK,6000,5000,0.00280137827,0.00104683008,0.0306564093,0.00183573869,0.359100223,0.358974359,0.348050398,0,0,9.54578755,1.59096459,-0.00183580827,0.0306566866,-0.000494624138,-0.785,0.5652,0,-0.220725
rmoss_rmua19,pitch,DM4310,regularized_terminal,hold,1000,1,0.8,0.004898175,0.004898175,0.220725,0.998778998779,PASS,OK,6000,5000,0.00315106972,0.000962448351,0.0309532447,0.00165679746,0.316831768,0.315018315,0.309685336,0,0,9.15506716,1.52584453,-0.000233527159,0.0309546088,0.00109544339,-0.785,0.5652,0,-0.220725
rmoss_rmua19,pitch,DM4310,linear,sine,1000,1,1,0.004898175,0.004898175,0.225814018482,0.998778998779,PASS,OK,6000,5000,0.00209032792,0.0022875732,0.00391781737,0.00391781737,0.305050313,0.305250305,0.289343761,0,0,5.5995116,0.933251933,-0.103337953,0.09983998,-0.00155805048,-0.785,0.5652,0,-0.220725
rmoss_rmua19,pitch,DM4310,linear,sine,1000,1,0.8,0.004898175,0.004898175,0.225814018482,0.998778998779,PASS,OK,6000,5000,0.00236180356,0.00215347059,0.0037560782,0.0037560782,0.286671221,0.285714286,0.283118188,0,0,5.38461538,0.897435897,-0.0997811536,0.103396438,0.00200949031,-0.785,0.5652,0,-0.220725
rmoss_rmua19,pitch,DM4310,regularized_terminal,sine,1000,1,1,0.004898175,0.004898175,0.225814018482,0.998778998779,PASS,OK,6000,5000,0.000958705099,0.00104785223,0.00189597541,0.00189597541,0.332318008,0.334554335,0.311886216,0,0,9.48229548,1.58038258,-0.101416765,0.0999220266,-0.000481635246,-0.785,0.5652,0,-0.220725
rmoss_rmua19,pitch,DM4310,regularized_terminal,sine,1000,1,0.8,0.004898175,0.004898175,0.225814018482,0.998778998779,PASS,OK,6000,5000,0.00108178913,0.000976554678,0.00172574736,0.00172574736,0.30139327,0.3003663,0.294528478,0,0,9.15995116,1.52665853,-0.0998258987,0.101515147,0.00110785752,-0.785,0.5652,0,-0.220725
rmoss_rmua19,pitch,DM4310,linear,hold,1000,2,1,0.004898175,0.00979635,0.220725,0.998778998779,PASS,OK,6000,5000,0.00381542136,0.002295822,0.0303698694,0.00380421877,0.340803951,0.339438339,0.334958285,0,0,3.8021978,0.633699634,-0.00380422277,0.0303699726,-0.00160538664,-0.785,0.5652,0,-0.220725
rmoss_rmua19,pitch,DM4310,linear,hold,1000,2,0.8,0.004898175,0.00979635,0.220725,0.998778998779,PASS,OK,6000,5000,0.00435829922,0.00212527272,0.0305826192,0.00360020884,0.297546387,0.295482295,0.294444098,0,0,3.74358974,0.623931624,-0.000229607929,0.0305828368,0.00197143449,-0.785,0.5652,0,-0.220725
rmoss_rmua19,pitch,DM4310,regularized_terminal,hold,1000,2,1,0.004898175,0.00979635,0.220725,0.998778998779,PASS,OK,6000,5000,0.00300376588,0.00104913318,0.0303342963,0.00180242005,0.35406065,0.354090354,0.347085132,0,0,5.57020757,0.928367928,-0.00180243419,0.0303349537,-0.000528840007,-0.785,0.5652,0,-0.220725
rmoss_rmua19,pitch,DM4310,regularized_terminal,hold,1000,2,0.8,0.004898175,0.00979635,0.220725,0.998778998779,PASS,OK,6000,5000,0.00338992871,0.000962750382,0.0304942545,0.00161894704,0.310870528,0.31013431,0.305954056,0,0,5.52136752,0.92022792,-0.000205773977,0.0304943958,0.00105968011,-0.785,0.5652,0,-0.220725
rmoss_rmua19,pitch,DM4310,linear,sine,1000,2,1,0.004898175,0.00979635,0.229918552747,0.998778998779,PASS,OK,6000,5000,0.0021174039,0.00229886595,0.00400756115,0.00400756115,0.247537985,0.246642247,0.243857833,0,0,3.62148962,0.603581604,-0.103716719,0.100210098,-0.00164612112,-0.785,0.5652,0,-0.220725
rmoss_rmua19,pitch,DM4310,linear,sine,1000,2,0.8,0.004898175,0.00979635,0.229918552747,0.998778998779,PASS,OK,6000,5000,0.002356093,0.00208634536,0.00378257427,0.00362438511,0.263007581,0.261294261,0.257945879,0,0,3.6996337,0.616605617,-0.100154456,0.103761746,0.00192648261,-0.785,0.5652,0,-0.220725
rmoss_rmua19,pitch,DM4310,regularized_terminal,sine,1000,2,1,0.004898175,0.00979635,0.229918552747,0.998778998779,PASS,OK,6000,5000,0.000980117373,0.00105130979,0.00284340832,0.00188551422,0.27052477,0.271062271,0.26537881,0,0,5.3992674,0.8998779,-0.10157284,0.100112447,-0.000513713129,-0.785,0.5652,0,-0.220725
rmoss_rmua19,pitch,DM4310,regularized_terminal,sine,1000,2,0.8,0.004898175,0.00979635,0.229918552747,0.998778998779,PASS,OK,6000,5000,0.00108239002,0.000942904041,0.00239673278,0.00161951387,0.291498363,0.290598291,0.284108404,0,0,5.36996337,0.894993895,-0.0999814502,0.101698411,0.00107411389,-0.785,0.5652,0,-0.220725
rmoss_rmua19,pitch,DM4310,linear,hold,2000,0.5,1,0.004898175,0.0024490875,0.220725,0.998778998779,PASS,OK,12000,10000,0.00378578877,0.00246375615,0.0313847312,0.00433961888,0.353829026,0.354090354,0.340750947,0,0,98.3760684,16.3960114,-0.00433984216,0.0313847312,-0.00156549479,-0.785,0.5652,0,-0.220725
rmoss_rmua19,pitch,DM4310,linear,hold,2000,0.5,0.8,0.004898175,0.0024490875,0.220725,0.998778998779,PASS,OK,12000,10000,0.00430999511,0.00228045968,0.0320360482,0.00413184489,0.312929362,0.315018315,0.303842678,0,0,93.6678877,15.6113146,-0.000768774378,0.0320360482,0.00253756182,-0.785,0.5652,0,-0.220725
rmoss_rmua19,pitch,DM4310,regularized_terminal,hold,2000,0.5,1,0.004898175,0.0024490875,0.220725,0.998778998779,PASS,OK,12000,10000,0.00286997424,0.00148530953,0.0312509624,0.00258918178,0.369342446,0.368742369,0.353020937,0,0,115.172161,19.1953602,-0.00258940833,0.0312522591,-0.00149981257,-0.785,0.5652,0,-0.220725
rmoss_rmua19,pitch,DM4310,regularized_terminal,hold,2000,0.5,0.8,0.004898175,0.0024490875,0.220725,0.998778998779,PASS,OK,12000,10000,0.00320176416,0.0014133919,0.0317624763,0.00248939936,0.328724027,0.32967033,0.317330919,0,0,111.343101,18.5571836,-0.000949842435,0.0317624763,0.00131032635,-0.785,0.5652,0,-0.220725
rmoss_rmua19,pitch,DM4310,linear,sine,2000,0.5,1,0.004898175,0.0024490875,0.224396727739,0.998778998779,PASS,OK,12000,10000,0.00227007336,0.00247780707,0.00447260854,0.00447260854,0.335696727,0.334554335,0.324000287,0,0,98.6446886,16.4407814,-0.103645281,0.100020953,-0.00153391767,-0.785,0.5652,0,-0.220725
rmoss_rmua19,pitch,DM4310,linear,sine,2000,0.5,0.8,0.004898175,0.0024490875,0.224396727739,0.998778998779,PASS,OK,12000,10000,0.00255547702,0.00235486332,0.00435374019,0.00435374019,0.301184595,0.3003663,0.293504344,0,0,93.1208791,15.5201465,-0.0999797298,0.103751523,0.00262845386,-0.785,0.5652,0,-0.220725
rmoss_rmua19,pitch,DM4310,regularized_terminal,sine,2000,0.5,1,0.004898175,0.0024490875,0.224396727739,0.998778998779,PASS,OK,12000,10000,0.00137216605,0.00148800741,0.00270486536,0.00270486536,0.354120731,0.354090354,0.337116721,0,0,115.279609,19.2132682,-0.102112987,0.100326383,-0.00147686758,-0.785,0.5652,0,-0.220725
rmoss_rmua19,pitch,DM4310,regularized_terminal,sine,2000,0.5,0.8,0.004898175,0.0024490875,0.224396727739,0.998778998779,PASS,OK,12000,10000,0.00156201433,0.00144319513,0.00311168084,0.0025911297,0.326244056,0.324786325,0.313197326,0,0,111.821734,18.6369556,-0.100213933,0.102377516,0.00133957297,-0.785,0.5652,0,-0.220725
rmoss_rmua19,pitch,DM4310,linear,hold,2000,1,1,0.004898175,0.004898175,0.220725,0.998778998779,PASS,OK,12000,10000,0.00371351375,0.00228859909,0.0307237064,0.0037824264,0.345286846,0.344322344,0.336580778,0,0,5.62881563,0.938135938,-0.0037824264,0.0307237781,-0.00163159002,-0.785,0.5652,0,-0.220725
rmoss_rmua19,pitch,DM4310,linear,hold,2000,1,0.8,0.004898175,0.004898175,0.220725,0.998778998779,PASS,OK,12000,10000,0.00424343474,0.0021240051,0.0311026354,0.00361763953,0.302832603,0.305250305,0.297136187,0,0,5.5018315,0.916971917,-0.000202418585,0.0311026354,0.00194140186,-0.785,0.5652,0,-0.220725
rmoss_rmua19,pitch,DM4310,regularized_terminal,hold,2000,1,1,0.004898175,0.004898175,0.220725,0.998778998779,PASS,OK,12000,10000,0.00279621733,0.00104742467,0.0306550329,0.00182266716,0.359356403,0.358974359,0.348087728,0,0,8.81318681,1.46886447,-0.00182269642,0.0306552531,-0.000497171276,-0.785,0.5652,0,-0.220725
rmoss_rmua19,pitch,DM4310,regularized_terminal,hold,2000,1,0.8,0.004898175,0.004898175,0.220725,0.998778998779,PASS,OK,12000,10000,0.00314769304,0.000962693356,0.030951616,0.00164941323,0.317058116,0.315018315,0.309300696,0,0,8.68620269,1.44770045,-0.000229712152,0.0309517625,0.00109676922,-0.785,0.5652,0,-0.220725
rmoss_rmua19,pitch,DM4310,linear,sine,2000,1,1,0.004898175,0.004898175,0.225814018482,0.998778998779,PASS,OK,12000,10000,0.00209236887,0.00228964316,0.00392875831,0.00392875831,0.299911678,0.3003663,0.285112342,0,0,5.67765568,0.946275946,-0.103338657,0.0998417337,-0.00155899006,-0.785,0.5652,0,-0.220725
rmoss_rmua19,pitch,DM4310,linear,sine,2000,1,0.8,0.004898175,0.004898175,0.225814018482,0.998778998779,PASS,OK,12000,10000,0.00235804659,0.0021510679,0.00374999871,0.00374999871,0.286115736,0.285714286,0.281701674,0,0,5.61904762,0.936507937,-0.0997772165,0.103392632,0.00201321002,-0.785,0.5652,0,-0.220725
rmoss_rmua19,pitch,DM4310,regularized_terminal,sine,2000,1,1,0.004898175,0.004898175,0.225814018482,0.998778998779,PASS,OK,12000,10000,0.000959528375,0.00104871379,0.00190025922,0.00190025922,0.327379584,0.32967033,0.307594072,0,0,8.90598291,1.48433048,-0.10141064,0.0999348862,-0.000503828245,-0.785,0.5652,0,-0.220725
rmoss_rmua19,pitch,DM4310,regularized_terminal,sine,2000,1,0.8,0.004898175,0.004898175,0.225814018482,0.998778998779,PASS,OK,12000,10000,0.00108116031,0.000977053108,0.00172278668,0.00172278668,0.300263286,0.3003663,0.293345796,0,0,8.69108669,1.44851445,-0.0998255032,0.101512713,0.00108370196,-0.785,0.5652,0,-0.220725
rmoss_rmua19,pitch,DM4310,linear,hold,2000,2,1,0.004898175,0.00979635,0.220725,0.998778998779,PASS,OK,12000,10000,0.00381247524,0.00229578602,0.030371338,0.00380795269,0.340917438,0.339438339,0.334458897,0,0,3.85103785,0.641839642,-0.00380795269,0.0303714821,-0.00160849484,-0.785,0.5652,0,-0.220725
rmoss_rmua19,pitch,DM4310,linear,hold,2000,2,0.8,0.004898175,0.00979635,0.220725,0.998778998779,PASS,OK,12000,10000,0.00435436493,0.00212520128,0.0305801789,0.00359366175,0.297637373,0.295482295,0.29444915,0,0,3.75335775,0.625559626,-0.000232320808,0.0305803577,0.00197015978,-0.785,0.5652,0,-0.220725
rmoss_rmua19,pitch,DM4310,regularized_terminal,hold,2000,2,1,0.004898175,0.00979635,0.220725,0.998778998779,PASS,OK,12000,10000,0.00299879098,0.00104854672,0.030334795,0.00180101248,0.354194701,0.354090354,0.347085132,0,0,5.66788767,0.944647945,-0.00180101248,0.0303349537,-0.000528779746,-0.785,0.5652,0,-0.220725
rmoss_rmua19,pitch,DM4310,regularized_terminal,hold,2000,2,0.8,0.004898175,0.00979635,0.220725,0.998778998779,PASS,OK,12000,10000,0.00338585943,0.000962784149,0.0304942545,0.00161953876,0.310993165,0.31013431,0.305954056,0,0,5.48229548,0.913715914,-0.000205031794,0.0304943958,0.00106291572,-0.785,0.5652,0,-0.220725
rmoss_rmua19,pitch,DM4310,linear,sine,2000,2,1,0.004898175,0.00979635,0.229918552747,0.998778998779,PASS,OK,12000,10000,0.00211747028,0.00229843846,0.00400578116,0.00400578116,0.245396182,0.246642247,0.241864692,0,0,3.8021978,0.633699634,-0.103725872,0.100214916,-0.00165260499,-0.785,0.5652,0,-0.220725
rmoss_rmua19,pitch,DM4310,linear,sine,2000,2,0.8,0.004898175,0.00979635,0.229918552747,0.998778998779,PASS,OK,12000,10000,0.00235624245,0.0020873474,0.00378122144,0.00361786378,0.258931398,0.261294261,0.25420403,0,0,3.89010989,0.648351648,-0.100163129,0.103764151,0.00191842891,-0.785,0.5652,0,-0.220725
rmoss_rmua19,pitch,DM4310,regularized_terminal,sine,2000,2,1,0.004898175,0.00979635,0.229918552747,0.998778998779,PASS,OK,12000,10000,0.000980158811,0.00105103663,0.0028435374,0.00187472872,0.266126543,0.266178266,0.261490149,0,0,5.42368742,0.903947904,-0.101568953,0.100103545,-0.00051223399,-0.785,0.5652,0,-0.220725
rmoss_rmua19,pitch,DM4310,regularized_terminal,sine,2000,2,0.8,0.004898175,0.00979635,0.229918552747,0.998778998779,PASS,OK,12000,10000,0.00108139723,0.000942385674,0.00239520401,0.00161809532,0.286754578,0.285714286,0.279740551,0,0,5.49206349,0.915343915,-0.0999788841,0.101681267,0.00107603728,-0.785,0.5652,0,-0.220725
dynamicx_standard3,yaw,GM6020,linear,hold,500,0.5,1,0.00713692704547,0.00356846352273,0.0499999998421,0.999970092773,PASS,OK,3000,2500,0.0035346858,0.0024236064,0.03,0.00429412944,0.188413367,0.188461121,0.171042486,0,0,147.734252,24.6223753,-0.00429552101,0.03,-0.00133442049,-0.5,0.5,0,0
dynamicx_standard3,yaw,GM6020,linear,hold,500,0.5,0.8,0.00713692704547,0.00356846352273,0.0499999998421,0.999970092773,PASS,OK,3000,2500,0.0035346858,0.0024236064,0.03,0.00429412944,0.188413367,0.188461121,0.171042486,0,0,147.734252,24.6223753,-0.00429552101,0.03,-0.00133442049,-0.5,0.5,0,0
dynamicx_standard3,yaw,GM6020,regularized_terminal,hold,500,0.5,1,0.00713692704547,0.00356846352273,0.0499999998421,0.999970092773,PASS,OK,3000,2500,0.00274002994,0.00168525419,0.03,0.00342773139,0.22666803,0.226723206,0.205292112,0,0,166.030855,27.6718092,-0.00342773139,0.03,-0.000447686062,-0.5,0.5,0,0
dynamicx_standard3,yaw,GM6020,regularized_terminal,hold,500,0.5,0.8,0.00713692704547,0.00356846352273,0.0499999998421,0.999970092773,PASS,OK,3000,2500,0.00274002994,0.00168525419,0.03,0.00342773139,0.22666803,0.226723206,0.205292112,0,0,166.030855,27.6718092,-0.00342773139,0.03,-0.000447686062,-0.5,0.5,0,0
dynamicx_standard3,yaw,GM6020,linear,sine,500,0.5,1,0.00713692704547,0.00356846352273,0.0545831755022,0.999970092773,PASS,OK,3000,2500,0.00223613863,0.00243177981,0.00441586962,0.00441586962,0.192065433,0.192124512,0.172060347,0,0,147.973729,24.6622882,-0.103638254,0.100105568,-0.00234918726,-0.5,0.5,0,0
dynamicx_standard3,yaw,GM6020,linear,sine,500,0.5,0.8,0.00713692704547,0.00356846352273,0.0545831755022,0.999970092773,PASS,OK,3000,2500,0.00223613863,0.00243177981,0.00441586962,0.00441586962,0.192065433,0.192124512,0.172060347,0,0,147.973729,24.6622882,-0.103638254,0.100105568,-0.00234918726,-0.5,0.5,0,0
dynamicx_standard3,yaw,GM6020,regularized_terminal,sine,500,0.5,1,0.00713692704547,0.00356846352273,0.0545831755022,0.999970092773,PASS,OK,3000,2500,0.00157059642,0.00169292655,0.00352964323,0.00352964323,0.225697428,0.225637756,0.196518244,0,0,166.228678,27.7047797,-0.102834759,0.100507521,-0.00139654004,-0.5,0.5,0,0
dynamicx_standard3,yaw,GM6020,regularized_terminal,sine,500,0.5,0.8,0.00713692704547,0.00356846352273,0.0545831755022,0.999970092773,PASS,OK,3000,2500,0.00157059642,0.00169292655,0.00352964323,0.00352964323,0.225697428,0.225637756,0.196518244,0,0,166.228678,27.7047797,-0.102834759,0.100507521,-0.00139654004,-0.5,0.5,0,0
dynamicx_standard3,yaw,GM6020,linear,hold,500,1,1,0.00713692704547,0.00713692704547,0.0499999998421,0.999970092773,PASS,OK,3000,2500,0.00316740495,0.00156985052,0.03,0.00260799672,0.168431476,0.16838031,0.155991147,0,0,7.78646997,1.297745,-0.00260799672,0.03,-0.00110976557,-0.5,0.5,0,0
dynamicx_standard3,yaw,GM6020,linear,hold,500,1,0.8,0.00713692704547,0.00713692704547,0.0499999998421,0.999970092773,PASS,OK,3000,2500,0.00316740495,0.00156985052,0.03,0.00260799672,0.168431476,0.16838031,0.155991147,0,0,7.78646997,1.297745,-0.00260799672,0.03,-0.00110976557,-0.5,0.5,0,0
dynamicx_standard3,yaw,GM6020,regularized_terminal,hold,500,1,1,0.00713692704547,0.00713692704547,0.0499999998421,0.999970092773,PASS,OK,3000,2500,0.00247872748,0.000718712764,0.03,0.00128619888,0.192012206,0.191988831,0.171048883,0,0,17.049965,2.84166083,-0.00128671001,0.03,-0.000339981929,-0.5,0.5,0,0
dynamicx_standard3,yaw,GM6020,regularized_terminal,hold,500,1,0.8,0.00713692704547,0.00713692704547,0.0499999998421,0.999970092773,PASS,OK,3000,2500,0.00247872748,0.000718712764,0.03,0.00128619888,0.192012206,0.191988831,0.171048883,0,0,17.049965,2.84166083,-0.00128671001,0.03,-0.000339981929,-0.5,0.5,0,0
dynamicx_standard3,yaw,GM6020,linear,sine,500,1,1,0.00713692704547,0.00713692704547,0.0576978475792,0.999970092773,PASS,OK,3000,2500,0.00145682271,0.0015732431,0.00301234674,0.00275390039,0.192065433,0.192124512,0.178762045,0,0,7.80736487,1.30122748,-0.102224577,0.0998467237,-0.00105888162,-0.5,0.5,0,0
dynamicx_standard3,yaw,GM6020,linear,sine,500,1,0.8,0.00713692704547,0.00713692704547,0.0576978475792,0.999970092773,PASS,OK,3000,2500,0.00145682271,0.0015732431,0.00301234674,0.00275390039,0.192065433,0.192124512,0.178762045,0,0,7.80736487,1.30122748,-0.102224577,0.0998467237,-0.00105888162,-0.5,0.5,0,0
dynamicx_standard3,yaw,GM6020,regularized_terminal,sine,500,1,1,0.00713692704547,0.00713692704547,0.0576978475792,0.999970092773,PASS,OK,3000,2500,0.000678027919,0.000720482359,0.00271713632,0.00136488812,0.225784972,0.225773438,0.204483287,0,0,17.4149473,2.90249121,-0.100963733,0.0999476928,-0.000325931218,-0.5,0.5,0,0
dynamicx_standard3,yaw,GM6020,regularized_terminal,sine,500,1,0.8,0.00713692704547,0.00713692704547,0.0576978475792,0.999970092773,PASS,OK,3000,2500,0.000678027919,0.000720482359,0.00271713632,0.00136488812,0.225784972,0.225773438,0.204483287,0,0,17.4149473,2.90249121,-0.100963733,0.0999476928,-0.000325931218,-0.5,0.5,0,0
dynamicx_standard3,yaw,GM6020,linear,hold,500,2,1,0.00713692704547,0.0142738540909,0.0499999998421,0.999970092773,PASS,OK,3000,2500,0.00330215839,0.00157403621,0.03,0.00260438179,0.168510363,0.168515991,0.159893563,0,0,4.87122473,0.811870789,-0.00260439495,0.03,-0.00110796064,-0.5,0.5,0,0
dynamicx_standard3,yaw,GM6020,linear,hold,500,2,0.8,0.00713692704547,0.0142738540909,0.0499999998421,0.999970092773,PASS,OK,3000,2500,0.00330215839,0.00157403621,0.03,0.00260438179,0.168510363,0.168515991,0.159893563,0,0,4.87122473,0.811870789,-0.00260439495,0.03,-0.00110796064,-0.5,0.5,0,0
dynamicx_standard3,yaw,GM6020,regularized_terminal,hold,500,2,1,0.00713692704547,0.0142738540909,0.0499999998421,0.999970092773,PASS,OK,3000,2500,0.00271938267,0.000718633509,0.03,0.00123274108,0.18658185,0.186561584,0.175659285,0,0,7.72799139,1.28799857,-0.00123288121,0.03,-0.000362276403,-0.5,0.5,0,0
dynamicx_standard3,yaw,GM6020,regularized_terminal,hold,500,2,0.8,0.00713692704547,0.0142738540909,0.0499999998421,0.999970092773,PASS,OK,3000,2500,0.00271938267,0.000718633509,0.03,0.00123274108,0.18658185,0.186561584,0.175659285,0,0,7.72799139,1.28799857,-0.00123288121,0.03,-0.000362276403,-0.5,0.5,0,0
dynamicx_standard3,yaw,GM6020,linear,sine,500,2,1,0.00713692704547,0.0142738540909,0.0639815702465,0.999970092773,PASS,OK,3000,2500,0.00152069566,0.00158320552,0.00498276412,0.00279652251,0.192199945,0.192260193,0.183835404,0,0,4.85738525,0.809564209,-0.102620649,0.10020335,-0.0011528032,-0.5,0.5,0,0
dynamicx_standard3,yaw,GM6020,linear,sine,500,2,0.8,0.00713692704547,0.0142738540909,0.0639815702465,0.999970092773,PASS,OK,3000,2500,0.00152069566,0.00158320552,0.00498276412,0.00279652251,0.192199945,0.192260193,0.183835404,0,0,4.85738525,0.809564209,-0.102620649,0.10020335,-0.0011528032,-0.5,0.5,0,0
dynamicx_standard3,yaw,GM6020,regularized_terminal,sine,500,2,1,0.00713692704547,0.0142738540909,0.0639815702465,0.999970092773,PASS,OK,3000,2500,0.000740346208,0.000722439087,0.00444664317,0.00131419729,0.226087004,0.2260448,0.212085242,0,0,7.7380318,1.28967197,-0.101100493,0.100104905,-0.000368095737,-0.5,0.5,0,0
dynamicx_standard3,yaw,GM6020,regularized_terminal,sine,500,2,0.8,0.00713692704547,0.0142738540909,0.0639815702465,0.999970092773,PASS,OK,3000,2500,0.000740346208,0.000722439087,0.00444664317,0.00131419729,0.226087004,0.2260448,0.212085242,0,0,7.7380318,1.28967197,-0.101100493,0.100104905,-0.000368095737,-0.5,0.5,0,0
dynamicx_standard3,yaw,GM6020,linear,hold,1000,0.5,1,0.00713692704547,0.00356846352273,0.0499999998421,0.999970092773,PASS,OK,6000,5000,0.00325288497,0.00191476009,0.03,0.00331443623,0.187612668,0.187647034,0.166827047,0,0,154.447484,25.7412473,-0.00331443623,0.03,-0.00187145738,-0.5,0.5,0,0
dynamicx_standard3,yaw,GM6020,linear,hold,1000,0.5,0.8,0.00713692704547,0.00356846352273,0.0499999998421,0.999970092773,PASS,OK,6000,5000,0.00325288497,0.00191476009,0.03,0.00331443623,0.187612668,0.187647034,0.166827047,0,0,154.447484,25.7412473,-0.00331443623,0.03,-0.00187145738,-0.5,0.5,0,0
dynamicx_standard3,yaw,GM6020,regularized_terminal,hold,1000,0.5,1,0.00713692704547,0.00356846352273,0.0499999998421,0.999970092773,PASS,OK,6000,5000,0.00257610248,0.00138004239,0.03,0.00273620084,0.224518955,0.224552307,0.194639012,0,0,174.172131,29.0286886,-0.00273848907,0.03,-0.00143446235,-0.5,0.5,0,0
dynamicx_standard3,yaw,GM6020,regularized_terminal,hold,1000,0.5,0.8,0.00713692704547,0.00356846352273,0.0499999998421,0.999970092773,PASS,OK,6000,5000,0.00257610248,0.00138004239,0.03,0.00273620084,0.224518955,0.224552307,0.194639012,0,0,174.172131,29.0286886,-0.00273848907,0.03,-0.00143446235,-0.5,0.5,0,0
dynamicx_standard3,yaw,GM6020,linear,sine,1000,0.5,1,0.00713692704547,0.00356846352273,0.0545831755022,0.999970092773,PASS,OK,6000,5000,0.00177996351,0.00193182534,0.00362659556,0.00362659556,0.192223713,0.192260193,0.170737496,0,0,154.227545,25.7045908,-0.102793439,0.100090368,-0.00175767601,-0.5,0.5,0,0
dynamicx_standard3,yaw,GM6020,linear,sine,1000,0.5,0.8,0.00713692704547,0.00356846352273,0.0545831755022,0.999970092773,PASS,OK,6000,5000,0.00177996351,0.00193182534,0.00362659556,0.00362659556,0.192223713,0.192260193,0.170737496,0,0,154.227545,25.7045908,-0.102793439,0.100090368,-0.00175767601,-0.5,0.5,0,0
dynamicx_standard3,yaw,GM6020,regularized_terminal,sine,1000,0.5,1,0.00713692704547,0.00356846352273,0.0545831755022,0.999970092773,PASS,OK,6000,5000,0.00129034477,0.00139114907,0.00289866256,0.00289866256,0.226090163,0.2260448,0.193717802,0,0,174.690976,29.1151627,-0.102245194,0.100378213,-0.000291364184,-0.5,0.5,0,0
dynamicx_standard3,yaw,GM6020,regularized_terminal,sine,1000,0.5,0.8,0.00713692704547,0.00356846352273,0.0545831755022,0.999970092773,PASS,OK,6000,5000,0.00129034477,0.00139114907,0.00289866256,0.00289866256,0.226090163,0.2260448,0.193717802,0,0,174.690976,29.1151627,-0.102245194,0.100378213,-0.000291364184,-0.5,0.5,0,0
dynamicx_standard3,yaw,GM6020,linear,hold,1000,1,1,0.00713692704547,0.00713692704547,0.0499999998421,0.999970092773,PASS,OK,6000,5000,0.00316054012,0.00156983649,0.03,0.00260467703,0.168519884,0.168515991,0.154975816,0,0,7.80234467,1.30039078,-0.00260469341,0.03,-0.00110994839,-0.5,0.5,0,0
dynamicx_standard3,yaw,GM6020,linear,hold,1000,1,0.8,0.00713692704547,0.00713692704547,0.0499999998421,0.999970092773,PASS,OK,6000,5000,0.00316054012,0.00156983649,0.03,0.00260467703,0.168519884,0.168515991,0.154975816,0,0,7.80234467,1.30039078,-0.00260469341,0.03,-0.00110994839,-0.5,0.5,0,0
dynamicx_standard3,yaw,GM6020,regularized_terminal,hold,1000,1,1,0.00713692704547,0.00713692704547,0.0499999998421,0.999970092773,PASS,OK,6000,5000,0.0024678561,0.000717925504,0.03,0.00126996905,0.186605752,0.186561584,0.169870633,0,0,13.4936263,2.24893771,-0.00127007487,0.03,-0.000340322516,-0.5,0.5,0,0
dynamicx_standard3,yaw,GM6020,regularized_terminal,hold,1000,1,0.8,0.00713692704547,0.00713692704547,0.0499999998421,0.999970092773,PASS,OK,6000,5000,0.0024678561,0.000717925504,0.03,0.00126996905,0.186605752,0.186561584,0.169870633,0,0,13.4936263,2.24893771,-0.00127007487,0.03,-0.000340322516,-0.5,0.5,0,0
dynamicx_standard3,yaw,GM6020,linear,sine,1000,1,1,0.00713692704547,0.00713692704547,0.0576978475792,0.999970092773,PASS,OK,6000,5000,0.00145773277,0.00157319709,0.00301567389,0.00275025934,0.192223713,0.192260193,0.177771666,0,0,7.80587238,1.30097873,-0.102230254,0.0998424873,-0.00105990852,-0.5,0.5,0,0
dynamicx_standard3,yaw,GM6020,linear,sine,1000,1,0.8,0.00713692704547,0.00713692704547,0.0576978475792,0.999970092773,PASS,OK,6000,5000,0.00145773277,0.00157319709,0.00301567389,0.00275025934,0.192223713,0.192260193,0.177771666,0,0,7.80587238,1.30097873,-0.102230254,0.0998424873,-0.00105990852,-0.5,0.5,0,0
dynamicx_standard3,yaw,GM6020,regularized_terminal,sine,1000,1,1,0.00713692704547,0.00713692704547,0.0576978475792,0.999970092773,PASS,OK,6000,5000,0.000677957146,0.00071966511,0.00272056937,0.00134681611,0.226090163,0.2260448,0.20351154,0,0,13.6713686,2.27856143,-0.100953349,0.0999268974,-0.000327077033,-0.5,0.5,0,0
dynamicx_standard3,yaw,GM6020,regularized_terminal,sine,1000,1,0.8,0.00713692704547,0.00713692704547,0.0576978475792,0.999970092773,PASS,OK,6000,5000,0.000677957146,0.00071966511,0.00272056937,0.00134681611,0.226090163,0.2260448,0.20351154,0,0,13.6713686,2.27856143,-0.100953349,0.0999268974,-0.000327077033,-0.5,0.5,0,0
dynamicx_standard3,yaw,GM6020,linear,hold,1000,2,1,0.00713692704547,0.0142738540909,0.0499999998421,0.999970092773,PASS,OK,6000,5000,0.00329500935,0.00157405348,0.03,0.00260451931,0.168541253,0.168515991,0.159327561,0,0,5.10880243,0.851467072,-0.00260453402,0.03,-0.00111059618,-0.5,0.5,0,0
dynamicx_standard3,yaw,GM6020,linear,hold,1000,2,0.8,0.00713692704547,0.0142738540909,0.0499999998421,0.999970092773,PASS,OK,6000,5000,0.00329500935,0.00157405348,0.03,0.00260451931,0.168541253,0.168515991,0.159327561,0,0,5.10880243,0.851467072,-0.00260453402,0.03,-0.00111059618,-0.5,0.5,0,0
dynamicx_standard3,yaw,GM6020,regularized_terminal,hold,1000,2,1,0.00713692704547,0.0142738540909,0.0499999998421,0.999970092773,PASS,OK,6000,5000,0.00270936551,0.000718639034,0.03,0.00123316271,0.186625391,0.186561584,0.175191374,0,0,7.96814703,1.32802451,-0.00123316271,0.03,-0.000361655661,-0.5,0.5,0,0
dynamicx_standard3,yaw,GM6020,regularized_terminal,hold,1000,2,0.8,0.00713692704547,0.0142738540909,0.0499999998421,0.999970092773,PASS,OK,6000,5000,0.00270936551,0.000718639034,0.03,0.00123316271,0.186625391,0.186561584,0.175191374,0,0,7.96814703,1.32802451,-0.00123316271,0.03,-0.000361655661,-0.5,0.5,0,0
dynamicx_standard3,yaw,GM6020,linear,sine,1000,2,1,0.00713692704547,0.0142738540909,0.0639815702465,0.999970092773,PASS,OK,6000,5000,0.00152218757,0.00158305287,0.00499512357,0.00279488741,0.192261666,0.192260193,0.183254455,0,0,5.09224933,0.848708221,-0.102621825,0.100201732,-0.00115692955,-0.5,0.5,0,0
dynamicx_standard3,yaw,GM6020,linear,sine,1000,2,0.8,0.00713692704547,0.0142738540909,0.0639815702465,0.999970092773,PASS,OK,6000,5000,0.00152218757,0.00158305287,0.00499512357,0.00279488741,0.192261666,0.192260193,0.183254455,0,0,5.09224933,0.848708221,-0.102621825,0.100201732,-0.00115692955,-0.5,0.5,0,0
dynamicx_standard3,yaw,GM6020,regularized_terminal,sine,1000,2,1,0.00713692704547,0.0142738540909,0.0639815702465,0.999970092773,PASS,OK,6000,5000,0.000741929909,0.000722389132,0.00445757764,0.00131337097,0.226208463,0.226180481,0.211172658,0,0,7.98768512,1.33128085,-0.101101976,0.100104131,-0.00036834014,-0.5,0.5,0,0
dynamicx_standard3,yaw,GM6020,regularized_terminal,sine,1000,2,0.8,0.00713692704547,0.0142738540909,0.0639815702465,0.999970092773,PASS,OK,6000,5000,0.000741929909,0.000722389132,0.00445757764,0.00131337097,0.226208463,0.226180481,0.211172658,0,0,7.98768512,1.33128085,-0.101101976,0.100104131,-0.00036834014,-0.5,0.5,0,0
dynamicx_standard3,yaw,GM6020,linear,hold,2000,0.5,1,0.00713692704547,0.00356846352273,0.0499999998421,0.999970092773,PASS,OK,12000,10000,0.00319033856,0.00179503831,0.03,0.00321656287,0.186720967,0.186697266,0.16242114,0,0,155.030913,25.8384855,-0.00321671236,0.03,-0.00155390398,-0.5,0.5,0,0
dynamicx_standard3,yaw,GM6020,linear,hold,2000,0.5,0.8,0.00713692704547,0.00356846352273,0.0499999998421,0.999970092773,PASS,OK,12000,10000,0.00319033856,0.00179503831,0.03,0.00321656287,0.186720967,0.186697266,0.16242114,0,0,155.030913,25.8384855,-0.00321671236,0.03,-0.00155390398,-0.5,0.5,0,0
dynamicx_standard3,yaw,GM6020,regularized_terminal,hold,2000,0.5,1,0.00713692704547,0.00356846352273,0.0499999998421,0.999970092773,PASS,OK,12000,10000,0.00249110028,0.00119975552,0.03,0.00227906047,0.223536655,0.223602539,0.191912601,0,0,178.917851,29.8196418,-0.00227943687,0.03,-0.00106218675,-0.5,0.5,0,0
dynamicx_standard3,yaw,GM6020,regularized_terminal,hold,2000,0.5,0.8,0.00713692704547,0.00356846352273,0.0499999998421,0.999970092773,PASS,OK,12000,10000,0.00249110028,0.00119975552,0.03,0.00227906047,0.223536655,0.223602539,0.191912601,0,0,178.917851,29.8196418,-0.00227943687,0.03,-0.00106218675,-0.5,0.5,0,0
dynamicx_standard3,yaw,GM6020,linear,sine,2000,0.5,1,0.00713692704547,0.00356846352273,0.0545831755022,0.999970092773,PASS,OK,12000,10000,0.0016899501,0.00183496668,0.00358220509,0.00358220509,0.192239076,0.192260193,0.170228973,0,0,156.410247,26.0683746,-0.102715507,0.100054177,-0.000805875745,-0.5,0.5,0,0
dynamicx_standard3,yaw,GM6020,linear,sine,2000,0.5,0.8,0.00713692704547,0.00356846352273,0.0545831755022,0.999970092773,PASS,OK,12000,10000,0.0016899501,0.00183496668,0.00358220509,0.00358220509,0.192239076,0.192260193,0.170228973,0,0,156.410247,26.0683746,-0.102715507,0.100054177,-0.000805875745,-0.5,0.5,0,0
dynamicx_standard3,yaw,GM6020,regularized_terminal,sine,2000,0.5,1,0.00713692704547,0.00356846352273,0.0545831755022,0.999970092773,PASS,OK,12000,10000,0.00112229104,0.00120789882,0.00240231532,0.00240231532,0.226143584,0.226180481,0.192974021,0,0,178.794517,29.7990862,-0.10189533,0.100331163,-0.00102148538,-0.5,0.5,0,0
dynamicx_standard3,yaw,GM6020,regularized_terminal,sine,2000,0.5,0.8,0.00713692704547,0.00356846352273,0.0545831755022,0.999970092773,PASS,OK,12000,10000,0.00112229104,0.00120789882,0.00240231532,0.00240231532,0.226143584,0.226180481,0.192974021,0,0,178.794517,29.7990862,-0.10189533,0.100331163,-0.00102148538,-0.5,0.5,0,0
dynamicx_standard3,yaw,GM6020,linear,hold,2000,1,1,0.00713692704547,0.00713692704547,0.0499999998421,0.999970092773,PASS,OK,12000,10000,0.00315699205,0.0015697974,0.03,0.00260299156,0.16853711,0.168515991,0.154521835,0,0,7.93639764,1.32273294,-0.00260301234,0.03,-0.00111148705,-0.5,0.5,0,0
dynamicx_standard3,yaw,GM6020,linear,hold,2000,1,0.8,0.00713692704547,0.00713692704547,0.0499999998421,0.999970092773,PASS,OK,12000,10000,0.00315699205,0.0015697974,0.03,0.00260299156,0.16853711,0.168515991,0.154521835,0,0,7.93639764,1.32273294,-0.00260301234,0.03,-0.00111148705,-0.5,0.5,0,0
dynamicx_standard3,yaw,GM6020,regularized_terminal,hold,2000,1,1,0.00713692704547,0.00713692704547,0.0499999998421,0.999970092773,PASS,OK,12000,10000,0.00246248855,0.000717740619,0.03,0.00126435344,0.186625838,0.186561584,0.169346608,0,0,12.6309655,2.10516092,-0.00126439128,0.03,-0.000342885658,-0.5,0.5,0,0
dynamicx_standard3,yaw,GM6020,regularized_terminal,hold,2000,1,0.8,0.00713692704547,0.00713692704547,0.0499999998421,0.999970092773,PASS,OK,12000,10000,0.00246248855,0.000717740619,0.03,0.00126435344,0.186625838,0.186561584,0.169346608,0,0,12.6309655,2.10516092,-0.00126439128,0.03,-0.000342885658,-0.5,0.5,0,0
dynamicx_standard3,yaw,GM6020,linear,sine,2000,1,1,0.00713692704547,0.00713692704547,0.0576978475792,0.999970092773,PASS,OK,12000,10000,0.00145810616,0.00157306052,0.00301776085,0.00274844024,0.192270547,0.192260193,0.177306331,0,0,7.95566437,1.32594406,-0.102231763,0.0998411831,-0.00106169893,-0.5,0.5,0,0
dynamicx_standard3,yaw,GM6020,linear,sine,2000,1,0.8,0.00713692704547,0.00713692704547,0.0576978475792,0.999970092773,PASS,OK,12000,10000,0.00145810616,0.00157306052,0.00301776085,0.00274844024,0.192270547,0.192260193,0.177306331,0,0,7.95566437,1.32594406,-0.102231763,0.0998411831,-0.00106169893,-0.5,0.5,0,0
dynamicx_standard3,yaw,GM6020,regularized_terminal,sine,2000,1,1,0.00713692704547,0.00713692704547,0.0576978475792,0.999970092773,PASS,OK,12000,10000,0.00067814376,0.000719457209,0.00272614059,0.00134096171,0.226207525,0.226180481,0.202720707,0,0,12.7730237,2.12883728,-0.100949947,0.0999228729,-0.000329784367,-0.5,0.5,0,0
dynamicx_standard3,yaw,GM6020,regularized_terminal,sine,2000,1,0.8,0.00713692704547,0.00713692704547,0.0576978475792,0.999970092773,PASS,OK,12000,10000,0.00067814376,0.000719457209,0.00272614059,0.00134096171,0.226207525,0.226180481,0.202720707,0,0,12.7730237,2.12883728,-0.100949947,0.0999228729,-0.000329784367,-0.5,0.5,0,0
dynamicx_standard3,yaw,GM6020,linear,hold,2000,2,1,0.00713692704547,0.0142738540909,0.0499999998421,0.999970092773,PASS,OK,12000,10000,0.00329133062,0.00157396442,0.03,0.00260424284,0.16855669,0.168515991,0.159044512,0,0,5.24516199,0.874193665,-0.00260424284,0.03,-0.00111182896,-0.5,0.5,0,0
dynamicx_standard3,yaw,GM6020,linear,hold,2000,2,0.8,0.00713692704547,0.0142738540909,0.0499999998421,0.999970092773,PASS,OK,12000,10000,0.00329133062,0.00157396442,0.03,0.00260424284,0.16855669,0.168515991,0.159044512,0,0,5.24516199,0.874193665,-0.00260424284,0.03,-0.00111182896,-0.5,0.5,0,0
dynamicx_standard3,yaw,GM6020,regularized_terminal,hold,2000,2,1,0.00713692704547,0.0142738540909,0.0499999998421,0.999970092773,PASS,OK,12000,10000,0.0027043341,0.000718601941,0.03,0.00123329634,0.1866474,0.186697266,0.174818474,0,0,8.06244543,1.34374091,-0.00123330753,0.03,-0.000361473905,-0.5,0.5,0,0
dynamicx_standard3,yaw,GM6020,regularized_terminal,hold,2000,2,0.8,0.00713692704547,0.0142738540909,0.0499999998421,0.999970092773,PASS,OK,12000,10000,0.0027043341,0.000718601941,0.03,0.00123329634,0.1866474,0.186697266,0.174818474,0,0,8.06244543,1.34374091,-0.00123330753,0.03,-0.000361473905,-0.5,0.5,0,0
dynamicx_standard3,yaw,GM6020,linear,sine,2000,2,1,0.00713692704547,0.0142738540909,0.0639815702465,0.999970092773,PASS,OK,12000,10000,0.00152303201,0.00158306121,0.00499953527,0.00279444785,0.192296952,0.192260193,0.182970954,0,0,5.23077979,0.871796631,-0.102622539,0.100201269,-0.00115858181,-0.5,0.5,0,0
dynamicx_standard3,yaw,GM6020,linear,sine,2000,2,0.8,0.00713692704547,0.0142738540909,0.0639815702465,0.999970092773,PASS,OK,12000,10000,0.00152303201,0.00158306121,0.00499953527,0.00279444785,0.192296952,0.192260193,0.182970954,0,0,5.23077979,0.871796631,-0.102622539,0.100201269,-0.00115858181,-0.5,0.5,0,0
dynamicx_standard3,yaw,GM6020,regularized_terminal,sine,2000,2,1,0.00713692704547,0.0142738540909,0.0639815702465,0.999970092773,PASS,OK,12000,10000,0.000742776141,0.000722385575,0.00446319871,0.00131307582,0.226277471,0.226316162,0.210817864,0,0,8.08008398,1.34668066,-0.101102845,0.100103145,-0.00036844066,-0.5,0.5,0,0
dynamicx_standard3,yaw,GM6020,regularized_terminal,sine,2000,2,0.8,0.00713692704547,0.0142738540909,0.0639815702465,0.999970092773,PASS,OK,12000,10000,0.000742776141,0.000722385575,0.00446319871,0.00131307582,0.226277471,0.226316162,0.210817864,0,0,8.08008398,1.34668066,-0.101102845,0.100103145,-0.00036844066,-0.5,0.5,0,0
dynamicx_standard3,yaw,DM4310,linear,hold,500,0.5,1,0.00713692704547,0.00356846352273,0.0499999998421,0.998778998779,PASS,OK,3000,2500,0.00352731805,0.0024125602,0.03,0.00430989203,0.188676178,0.188034188,0.171120307,0,0,147.98779,24.6646317,-0.00431028562,0.03,-0.0011616588,-0.5,0.5,0,0
dynamicx_standard3,yaw,DM4310,linear,hold,500,0.5,0.8,0.00713692704547,0.00356846352273,0.0499999998421,0.998778998779,PASS,OK,3000,2500,0.00352731805,0.0024125602,0.03,0.00430989203,0.188676178,0.188034188,0.171120307,0,0,147.98779,24.6646317,-0.00431028562,0.03,-0.0011616588,-0.5,0.5,0,0
dynamicx_standard3,yaw,DM4310,regularized_terminal,hold,500,0.5,1,0.00713692704547,0.00356846352273,0.0499999998421,0.998778998779,PASS,OK,3000,2500,0.00274088769,0.00168706587,0.03,0.00346242571,0.226666585,0.227106227,0.206540049,0,0,166.21978,27.7032967,-0.00346341355,0.03,-0.000424010967,-0.5,0.5,0,0
dynamicx_standard3,yaw,DM4310,regularized_terminal,hold,500,0.5,0.8,0.00713692704547,0.00356846352273,0.0499999998421,0.998778998779,PASS,OK,3000,2500,0.00274088769,0.00168706587,0.03,0.00346242571,0.226666585,0.227106227,0.206540049,0,0,166.21978,27.7032967,-0.00346341355,0.03,-0.000424010967,-0.5,0.5,0,0
dynamicx_standard3,yaw,DM4310,linear,sine,500,0.5,1,0.00713692704547,0.00356846352273,0.0545831755022,0.998778998779,PASS,OK,3000,2500,0.0022422024,0.00243833183,0.00447329301,0.00447329301,0.192065433,0.192918193,0.171164029,0,0,147.81685,24.6361416,-0.103734043,0.100121019,-0.00237478151,-0.5,0.5,0,0
dynamicx_standard3,yaw,DM4310,linear,sine,500,0.5,0.8,0.00713692704547,0.00356846352273,0.0545831755022,0.998778998779,PASS,OK,3000,2500,0.0022422024,0.00243833183,0.00447329301,0.00447329301,0.192065433,0.192918193,0.171164029,0,0,147.81685,24.6361416,-0.103734043,0.100121019,-0.00237478151,-0.5,0.5,0,0
dynamicx_standard3,yaw,DM4310,regularized_terminal,sine,500,0.5,1,0.00713692704547,0.00356846352273,0.0545831755022,0.998778998779,PASS,OK,3000,2500,0.00156976201,0.00169182704,0.0035509383,0.0035509383,0.225697428,0.227106227,0.197003492,0,0,166.234432,27.7057387,-0.102798027,0.100509021,-0.00143476833,-0.5,0.5,0,0
dynamicx_standard3,yaw,DM4310,regularized_terminal,sine,500,0.5,0.8,0.00713692704547,0.00356846352273,0.0545831755022,0.998778998779,PASS,OK,3000,2500,0.00156976201,0.00169182704,0.0035509383,0.0035509383,0.225697428,0.227106227,0.197003492,0,0,166.234432,27.7057387,-0.102798027,0.100509021,-0.00143476833,-0.5,0.5,0,0
dynamicx_standard3,yaw,DM4310,linear,hold,500,1,1,0.00713692704547,0.00713692704547,0.0499999998421,0.998778998779,PASS,OK,3000,2500,0.00316610628,0.00156693344,0.03,0.00261455272,0.168431476,0.168498168,0.156514097,0,0,7.8998779,1.31664632,-0.00261463336,0.03,-0.00110884543,-0.5,0.5,0,0
dynamicx_standard3,yaw,DM4310,linear,hold,500,1,0.8,0.00713692704547,0.00713692704547,0.0499999998421,0.998778998779,PASS,OK,3000,2500,0.00316610628,0.00156693344,0.03,0.00261455272,0.168431476,0.168498168,0.156514097,0,0,7.8998779,1.31664632,-0.00261463336,0.03,-0.00110884543,-0.5,0.5,0,0
dynamicx_standard3,yaw,DM4310,regularized_terminal,hold,500,1,1,0.00713692704547,0.00713692704547,0.0499999998421,0.998778998779,PASS,OK,3000,2500,0.00247874456,0.000718065754,0.03,0.00128675312,0.190742001,0.192918193,0.171130162,0,0,17.0525031,2.84208384,-0.0012867655,0.03,-0.000350254789,-0.5,0.5,0,0
dynamicx_standard3,yaw,DM4310,regularized_terminal,hold,500,1,0.8,0.00713692704547,0.00713692704547,0.0499999998421,0.998778998779,PASS,OK,3000,2500,0.00247874456,0.000718065754,0.03,0.00128675312,0.190742001,0.192918193,0.171130162,0,0,17.0525031,2.84208384,-0.0012867655,0.03,-0.000350254789,-0.5,0.5,0,0
dynamicx_standard3,yaw,DM4310,linear,sine,500,1,1,0.00713692704547,0.00713692704547,0.0576978475792,0.998778998779,PASS,OK,3000,2500,0.00145684655,0.00157340504,0.00300834843,0.00276280853,0.192065433,0.192918193,0.179436531,0,0,7.91941392,1.31990232,-0.102219548,0.0998331141,-0.00105247865,-0.5,0.5,0,0
dynamicx_standard3,yaw,DM4310,linear,sine,500,1,0.8,0.00713692704547,0.00713692704547,0.0576978475792,0.998778998779,PASS,OK,3000,2500,0.00145684655,0.00157340504,0.00300834843,0.00276280853,0.192065433,0.192918193,0.179436531,0,0,7.91941392,1.31990232,-0.102219548,0.0998331141,-0.00105247865,-0.5,0.5,0,0
dynamicx_standard3,yaw,DM4310,regularized_terminal,sine,500,1,1,0.00713692704547,0.00713692704547,0.0576978475792,0.998778998779,PASS,OK,3000,2500,0.000678516565,0.000721147724,0.00270986618,0.00137481759,0.225781038,0.227106227,0.205353034,0,0,17.6581197,2.94301994,-0.100969079,0.0999374542,-0.000325262362,-0.5,0.5,0,0
dynamicx_standard3,yaw,DM4310,regularized_terminal,sine,500,1,0.8,0.00713692704547,0.00713692704547,0.0576978475792,0.998778998779,PASS,OK,3000,2500,0.000678516565,0.000721147724,0.00270986618,0.00137481759,0.225781038,0.227106227,0.205353034,0,0,17.6581197,2.94301994,-0.100969079,0.0999374542,-0.000325262362,-0.5,0.5,0,0
dynamicx_standard3,yaw,DM4310,linear,hold,500,2,1,0.00713692704547,0.0142738540909,0.0499999998421,0.998778998779,PASS,OK,3000,2500,0.00330384392,0.00157672303,0.03,0.0026132157,0.168510273,0.168498168,0.158890571,0,0,5.03296703,0.838827839,-0.00261322003,0.03,-0.00112599293,-0.5,0.5,0,0
dynamicx_standard3,yaw,DM4310,linear,hold,500,2,0.8,0.00713692704547,0.0142738540909,0.0499999998421,0.998778998779,PASS,OK,3000,2500,0.00330384392,0.00157672303,0.03,0.0026132157,0.168510273,0.168498168,0.158890571,0,0,5.03296703,0.838827839,-0.00261322003,0.03,-0.00112599293,-0.5,0.5,0,0
dynamicx_standard3,yaw,DM4310,regularized_terminal,hold,500,2,1,0.00713692704547,0.0142738540909,0.0499999998421,0.998778998779,PASS,OK,3000,2500,0.00271849625,0.000719214107,0.03,0.00123961304,0.18658033,0.188034188,0.174726758,0,0,7.63125763,1.27187627,-0.00123985724,0.03,-0.000365450752,-0.5,0.5,0,0
dynamicx_standard3,yaw,DM4310,regularized_terminal,hold,500,2,0.8,0.00713692704547,0.0142738540909,0.0499999998421,0.998778998779,PASS,OK,3000,2500,0.00271849625,0.000719214107,0.03,0.00123961304,0.18658033,0.188034188,0.174726758,0,0,7.63125763,1.27187627,-0.00123985724,0.03,-0.000365450752,-0.5,0.5,0,0
dynamicx_standard3,yaw,DM4310,linear,sine,500,2,1,0.00713692704547,0.0142738540909,0.0639815702465,0.998778998779,PASS,OK,3000,2500,0.00152048156,0.00158299478,0.00498273799,0.00280615004,0.192199305,0.192918193,0.182962832,0,0,4.91086691,0.818477818,-0.102617549,0.100206864,-0.00115267968,-0.5,0.5,0,0
dynamicx_standard3,yaw,DM4310,linear,sine,500,2,0.8,0.00713692704547,0.0142738540909,0.0639815702465,0.998778998779,PASS,OK,3000,2500,0.00152048156,0.00158299478,0.00498273799,0.00280615004,0.192199305,0.192918193,0.182962832,0,0,4.91086691,0.818477818,-0.102617549,0.100206864,-0.00115267968,-0.5,0.5,0,0
dynamicx_standard3,yaw,DM4310,regularized_terminal,sine,500,2,1,0.00713692704547,0.0142738540909,0.0639815702465,0.998778998779,PASS,OK,3000,2500,0.000740011621,0.000722200564,0.00444261766,0.00131876279,0.226085037,0.227106227,0.212428916,0,0,7.81684982,1.3028083,-0.101103259,0.100106758,-0.000364325761,-0.5,0.5,0,0
dynamicx_standard3,yaw,DM4310,regularized_terminal,sine,500,2,0.8,0.00713692704547,0.0142738540909,0.0639815702465,0.998778998779,PASS,OK,3000,2500,0.000740011621,0.000722200564,0.00444261766,0.00131876279,0.226085037,0.227106227,0.212428916,0,0,7.81684982,1.3028083,-0.101103259,0.100106758,-0.000364325761,-0.5,0.5,0,0
dynamicx_standard3,yaw,DM4310,linear,hold,1000,0.5,1,0.00713692704547,0.00356846352273,0.0499999998421,0.998778998779,PASS,OK,6000,5000,0.00325208508,0.00191393347,0.03,0.00332839342,0.187592506,0.188034188,0.166562789,0,0,153.794872,25.6324786,-0.00332839342,0.03,-0.00185091966,-0.5,0.5,0,0
dynamicx_standard3,yaw,DM4310,linear,hold,1000,0.5,0.8,0.00713692704547,0.00356846352273,0.0499999998421,0.998778998779,PASS,OK,6000,5000,0.00325208508,0.00191393347,0.03,0.00332839342,0.187592506,0.188034188,0.166562789,0,0,153.794872,25.6324786,-0.00332839342,0.03,-0.00185091966,-0.5,0.5,0,0
dynamicx_standard3,yaw,DM4310,regularized_terminal,hold,1000,0.5,1,0.00713692704547,0.00356846352273,0.0499999998421,0.998778998779,PASS,OK,6000,5000,0.00257700362,0.00138405816,0.03,0.00273654905,0.22473374,0.227106227,0.19476102,0,0,174.312576,29.0520961,-0.00273934056,0.03,-0.00142980179,-0.5,0.5,0,0
dynamicx_standard3,yaw,DM4310,regularized_terminal,hold,1000,0.5,0.8,0.00713692704547,0.00356846352273,0.0499999998421,0.998778998779,PASS,OK,6000,5000,0.00257700362,0.00138405816,0.03,0.00273654905,0.22473374,0.227106227,0.19476102,0,0,174.312576,29.0520961,-0.00273934056,0.03,-0.00142980179,-0.5,0.5,0,0
dynamicx_standard3,yaw,DM4310,linear,sine,1000,0.5,1,0.00713692704547,0.00356846352273,0.0545831755022,0.998778998779,PASS,OK,6000,5000,0.00178203246,0.00193420128,0.00364828922,0.00364828922,0.192223713,0.192918193,0.171445233,0,0,154.263736,25.7106227,-0.102800889,0.100094181,-0.00174694838,-0.5,0.5,0,0
dynamicx_standard3,yaw,DM4310,linear,sine,1000,0.5,0.8,0.00713692704547,0.00356846352273,0.0545831755022,0.998778998779,PASS,OK,6000,5000,0.00178203246,0.00193420128,0.00364828922,0.00364828922,0.192223713,0.192918193,0.171445233,0,0,154.263736,25.7106227,-0.102800889,0.100094181,-0.00174694838,-0.5,0.5,0,0
dynamicx_standard3,yaw,DM4310,regularized_terminal,sine,1000,0.5,1,0.00713692704547,0.00356846352273,0.0545831755022,0.998778998779,PASS,OK,6000,5000,0.0012891893,0.00138985363,0.00289619524,0.00289619524,0.226090163,0.227106227,0.193254016,0,0,174.786325,29.1310541,-0.10225876,0.100378858,-0.000512211036,-0.5,0.5,0,0
dynamicx_standard3,yaw,DM4310,regularized_terminal,sine,1000,0.5,0.8,0.00713692704547,0.00356846352273,0.0545831755022,0.998778998779,PASS,OK,6000,5000,0.0012891893,0.00138985363,0.00289619524,0.00289619524,0.226090163,0.227106227,0.193254016,0,0,174.786325,29.1310541,-0.10225876,0.100378858,-0.000512211036,-0.5,0.5,0,0
dynamicx_standard3,yaw,DM4310,linear,hold,1000,1,1,0.00713692704547,0.00713692704547,0.0499999998421,0.998778998779,PASS,OK,6000,5000,0.00316085799,0.00156970702,0.03,0.00261243666,0.168519884,0.168498168,0.155128081,0,0,7.98778999,1.33129833,-0.0026124574,0.03,-0.00111688919,-0.5,0.5,0,0
dynamicx_standard3,yaw,DM4310,linear,hold,1000,1,0.8,0.00713692704547,0.00713692704547,0.0499999998421,0.998778998779,PASS,OK,6000,5000,0.00316085799,0.00156970702,0.03,0.00261243666,0.168519884,0.168498168,0.155128081,0,0,7.98778999,1.33129833,-0.0026124574,0.03,-0.00111688919,-0.5,0.5,0,0
dynamicx_standard3,yaw,DM4310,regularized_terminal,hold,1000,1,1,0.00713692704547,0.00713692704547,0.0499999998421,0.998778998779,PASS,OK,6000,5000,0.00246712271,0.000718656076,0.03,0.00126976289,0.186605752,0.188034188,0.170239239,0,0,13.4822955,2.24704925,-0.00126992842,0.03,-0.000343228899,-0.5,0.5,0,0
dynamicx_standard3,yaw,DM4310,regularized_terminal,hold,1000,1,0.8,0.00713692704547,0.00713692704547,0.0499999998421,0.998778998779,PASS,OK,6000,5000,0.00246712271,0.000718656076,0.03,0.00126976289,0.186605752,0.188034188,0.170239239,0,0,13.4822955,2.24704925,-0.00126992842,0.03,-0.000343228899,-0.5,0.5,0,0
dynamicx_standard3,yaw,DM4310,linear,sine,1000,1,1,0.00713692704547,0.00713692704547,0.0576978475792,0.998778998779,PASS,OK,6000,5000,0.00145566387,0.00157101401,0.00300943737,0.00272840107,0.192223713,0.192918193,0.177790813,0,0,7.95848596,1.32641433,-0.102214336,0.0998536588,-0.00105994967,-0.5,0.5,0,0
dynamicx_standard3,yaw,DM4310,linear,sine,1000,1,0.8,0.00713692704547,0.00713692704547,0.0576978475792,0.998778998779,PASS,OK,6000,5000,0.00145566387,0.00157101401,0.00300943737,0.00272840107,0.192223713,0.192918193,0.177790813,0,0,7.95848596,1.32641433,-0.102214336,0.0998536588,-0.00105994967,-0.5,0.5,0,0
dynamicx_standard3,yaw,DM4310,regularized_terminal,sine,1000,1,1,0.00713692704547,0.00713692704547,0.0576978475792,0.998778998779,PASS,OK,6000,5000,0.0006769579,0.00071865302,0.00271486003,0.00134486992,0.226090163,0.227106227,0.204480207,0,0,13.7509158,2.29181929,-0.100949403,0.0999234757,-0.000319059623,-0.5,0.5,0,0
dynamicx_standard3,yaw,DM4310,regularized_terminal,sine,1000,1,0.8,0.00713692704547,0.00713692704547,0.0576978475792,0.998778998779,PASS,OK,6000,5000,0.0006769579,0.00071865302,0.00271486003,0.00134486992,0.226090163,0.227106227,0.204480207,0,0,13.7509158,2.29181929,-0.100949403,0.0999234757,-0.000319059623,-0.5,0.5,0,0
dynamicx_standard3,yaw,DM4310,linear,hold,1000,2,1,0.00713692704547,0.0142738540909,0.0499999998421,0.998778998779,PASS,OK,6000,5000,0.00329569721,0.00157517945,0.03,0.00261631711,0.168541193,0.168498168,0.159399886,0,0,5.31135531,0.885225885,-0.00261632066,0.03,-0.00112881782,-0.5,0.5,0,0
dynamicx_standard3,yaw,DM4310,linear,hold,1000,2,0.8,0.00713692704547,0.0142738540909,0.0499999998421,0.998778998779,PASS,OK,6000,5000,0.00329569721,0.00157517945,0.03,0.00261631711,0.168541193,0.168498168,0.159399886,0,0,5.31135531,0.885225885,-0.00261632066,0.03,-0.00112881782,-0.5,0.5,0,0
dynamicx_standard3,yaw,DM4310,regularized_terminal,hold,1000,2,1,0.00713692704547,0.0142738540909,0.0499999998421,0.998778998779,PASS,OK,6000,5000,0.00270791191,0.000718010124,0.03,0.00123645163,0.186624348,0.188034188,0.174988249,0,0,8.00732601,1.33455433,-0.00123651401,0.03,-0.000365206481,-0.5,0.5,0,0
dynamicx_standard3,yaw,DM4310,regularized_terminal,hold,1000,2,0.8,0.00713692704547,0.0142738540909,0.0499999998421,0.998778998779,PASS,OK,6000,5000,0.00270791191,0.000718010124,0.03,0.00123645163,0.186624348,0.188034188,0.174988249,0,0,8.00732601,1.33455433,-0.00123651401,0.03,-0.000365206481,-0.5,0.5,0,0
dynamicx_standard3,yaw,DM4310,linear,sine,1000,2,1,0.00713692704547,0.0142738540909,0.0639815702465,0.998778998779,PASS,OK,6000,5000,0.0015222292,0.00158296828,0.0049940216,0.00279999778,0.192261264,0.192918193,0.182888714,0,0,5.06715507,0.844525845,-0.102606276,0.100206534,-0.00115500302,-0.5,0.5,0,0
dynamicx_standard3,yaw,DM4310,linear,sine,1000,2,0.8,0.00713692704547,0.0142738540909,0.0639815702465,0.998778998779,PASS,OK,6000,5000,0.0015222292,0.00158296828,0.0049940216,0.00279999778,0.192261264,0.192918193,0.182888714,0,0,5.06715507,0.844525845,-0.102606276,0.100206534,-0.00115500302,-0.5,0.5,0,0
dynamicx_standard3,yaw,DM4310,regularized_terminal,sine,1000,2,1,0.00713692704547,0.0142738540909,0.0639815702465,0.998778998779,PASS,OK,6000,5000,0.00074167029,0.000722110967,0.00445394416,0.00132265691,0.226207137,0.227106227,0.211104949,0,0,8.01709402,1.33618234,-0.101100709,0.100107493,-0.000364148934,-0.5,0.5,0,0
dynamicx_standard3,yaw,DM4310,regularized_terminal,sine,1000,2,0.8,0.00713692704547,0.0142738540909,0.0639815702465,0.998778998779,PASS,OK,6000,5000,0.00074167029,0.000722110967,0.00445394416,0.00132265691,0.226207137,0.227106227,0.211104949,0,0,8.01709402,1.33618234,-0.101100709,0.100107493,-0.000364148934,-0.5,0.5,0,0
dynamicx_standard3,yaw,DM4310,linear,hold,2000,0.5,1,0.00713692704547,0.00356846352273,0.0499999998421,0.998778998779,PASS,OK,12000,10000,0.00318571239,0.00178564378,0.03,0.00317900241,0.186739221,0.188034188,0.162175051,0,0,154.385836,25.7309727,-0.00317916992,0.03,-0.00162211641,-0.5,0.5,0,0
dynamicx_standard3,yaw,DM4310,linear,hold,2000,0.5,0.8,0.00713692704547,0.00356846352273,0.0499999998421,0.998778998779,PASS,OK,12000,10000,0.00318571239,0.00178564378,0.03,0.00317900241,0.186739221,0.188034188,0.162175051,0,0,154.385836,25.7309727,-0.00317916992,0.03,-0.00162211641,-0.5,0.5,0,0
dynamicx_standard3,yaw,DM4310,regularized_terminal,hold,2000,0.5,1,0.00713692704547,0.00356846352273,0.0499999998421,0.998778998779,PASS,OK,12000,10000,0.00249097848,0.0011997203,0.03,0.00226499089,0.223449185,0.222222222,0.192048277,0,0,178.566545,29.7610908,-0.00226563735,0.03,-0.0010904151,-0.5,0.5,0,0
dynamicx_standard3,yaw,DM4310,regularized_terminal,hold,2000,0.5,0.8,0.00713692704547,0.00356846352273,0.0499999998421,0.998778998779,PASS,OK,12000,10000,0.00249097848,0.0011997203,0.03,0.00226499089,0.223449185,0.222222222,0.192048277,0,0,178.566545,29.7610908,-0.00226563735,0.03,-0.0010904151,-0.5,0.5,0,0
dynamicx_standard3,yaw,DM4310,linear,sine,2000,0.5,1,0.00713692704547,0.00356846352273,0.0545831755022,0.998778998779,PASS,OK,12000,10000,0.00168810928,0.00183280159,0.00356851002,0.00356851002,0.192238808,0.192918193,0.170761674,0,0,156.35409,26.0590151,-0.102715135,0.100064487,-0.000820947991,-0.5,0.5,0,0
dynamicx_standard3,yaw,DM4310,linear,sine,2000,0.5,0.8,0.00713692704547,0.00356846352273,0.0545831755022,0.998778998779,PASS,OK,12000,10000,0.00168810928,0.00183280159,0.00356851002,0.00356851002,0.192238808,0.192918193,0.170761674,0,0,156.35409,26.0590151,-0.102715135,0.100064487,-0.000820947991,-0.5,0.5,0,0
dynamicx_standard3,yaw,DM4310,regularized_terminal,sine,2000,0.5,1,0.00713692704547,0.00356846352273,0.0545831755022,0.998778998779,PASS,OK,12000,10000,0.00112221061,0.00120786845,0.00239309458,0.00239309458,0.226142779,0.227106227,0.192113015,0,0,178.967033,29.8278388,-0.101889174,0.100334264,-0.00103698702,-0.5,0.5,0,0
dynamicx_standard3,yaw,DM4310,regularized_terminal,sine,2000,0.5,0.8,0.00713692704547,0.00356846352273,0.0545831755022,0.998778998779,PASS,OK,12000,10000,0.00112221061,0.00120786845,0.00239309458,0.00239309458,0.226142779,0.227106227,0.192113015,0,0,178.967033,29.8278388,-0.101889174,0.100334264,-0.00103698702,-0.5,0.5,0,0
dynamicx_standard3,yaw,DM4310,linear,hold,2000,1,1,0.00713692704547,0.00713692704547,0.0499999998421,0.998778998779,PASS,OK,12000,10000,0.00315738934,0.00157054734,0.03,0.00260542659,0.16853708,0.168498168,0.154590837,0,0,8.14407814,1.35734636,-0.00260542659,0.03,-0.00111373466,-0.5,0.5,0,0
dynamicx_standard3,yaw,DM4310,linear,hold,2000,1,0.8,0.00713692704547,0.00713692704547,0.0499999998421,0.998778998779,PASS,OK,12000,10000,0.00315738934,0.00157054734,0.03,0.00260542659,0.16853708,0.168498168,0.154590837,0,0,8.14407814,1.35734636,-0.00260542659,0.03,-0.00111373466,-0.5,0.5,0,0
dynamicx_standard3,yaw,DM4310,regularized_terminal,hold,2000,1,1,0.00713692704547,0.00713692704547,0.0499999998421,0.998778998779,PASS,OK,12000,10000,0.00246169866,0.00071749796,0.03,0.00126875595,0.186625525,0.188034188,0.169560379,0,0,12.6520147,2.10866911,-0.00126875595,0.03,-0.000340562275,-0.5,0.5,0,0
dynamicx_standard3,yaw,DM4310,regularized_terminal,hold,2000,1,0.8,0.00713692704547,0.00713692704547,0.0499999998421,0.998778998779,PASS,OK,12000,10000,0.00246169866,0.00071749796,0.03,0.00126875595,0.186625525,0.188034188,0.169560379,0,0,12.6520147,2.10866911,-0.00126875595,0.03,-0.000340562275,-0.5,0.5,0,0
dynamicx_standard3,yaw,DM4310,linear,sine,2000,1,1,0.00713692704547,0.00713692704547,0.0576978475792,0.998778998779,PASS,OK,12000,10000,0.00145799105,0.001573049,0.00301269589,0.00273605264,0.192270413,0.192918193,0.177584725,0,0,8.002442,1.33374033,-0.102220461,0.0998453929,-0.00106797593,-0.5,0.5,0,0
dynamicx_standard3,yaw,DM4310,linear,sine,2000,1,0.8,0.00713692704547,0.00713692704547,0.0576978475792,0.998778998779,PASS,OK,12000,10000,0.00145799105,0.001573049,0.00301269589,0.00273605264,0.192270413,0.192918193,0.177584725,0,0,8.002442,1.33374033,-0.102220461,0.0998453929,-0.00106797593,-0.5,0.5,0,0
dynamicx_standard3,yaw,DM4310,regularized_terminal,sine,2000,1,1,0.00713692704547,0.00713692704547,0.0576978475792,0.998778998779,PASS,OK,12000,10000,0.000678245469,0.000719634165,0.00272167877,0.00133863159,0.226207107,0.227106227,0.202938889,0,0,12.7741148,2.12901913,-0.100950188,0.0999249324,-0.000321273856,-0.5,0.5,0,0
dynamicx_standard3,yaw,DM4310,regularized_terminal,sine,2000,1,0.8,0.00713692704547,0.00713692704547,0.0576978475792,0.998778998779,PASS,OK,12000,10000,0.000678245469,0.000719634165,0.00272167877,0.00133863159,0.226207107,0.227106227,0.202938889,0,0,12.7741148,2.12901913,-0.100950188,0.0999249324,-0.000321273856,-0.5,0.5,0,0
dynamicx_standard3,yaw,DM4310,linear,hold,2000,2,1,0.00713692704547,0.0142738540909,0.0499999998421,0.998778998779,PASS,OK,12000,10000,0.00329157068,0.00157442278,0.03,0.00260493354,0.16855666,0.168498168,0.159124056,0,0,5.33089133,0.888481888,-0.00260493834,0.03,-0.00111788897,-0.5,0.5,0,0
dynamicx_standard3,yaw,DM4310,linear,hold,2000,2,0.8,0.00713692704547,0.0142738540909,0.0499999998421,0.998778998779,PASS,OK,12000,10000,0.00329157068,0.00157442278,0.03,0.00260493354,0.16855666,0.168498168,0.159124056,0,0,5.33089133,0.888481888,-0.00260493834,0.03,-0.00111788897,-0.5,0.5,0,0
dynamicx_standard3,yaw,DM4310,regularized_terminal,hold,2000,2,1,0.00713692704547,0.0142738540909,0.0499999998421,0.998778998779,PASS,OK,12000,10000,0.00270334691,0.000717898555,0.03,0.00123515028,0.186646655,0.188034188,0.175371596,0,0,8.05616606,1.34269434,-0.00123517058,0.03,-0.000360354319,-0.5,0.5,0,0
dynamicx_standard3,yaw,DM4310,regularized_terminal,hold,2000,2,0.8,0.00713692704547,0.0142738540909,0.0499999998421,0.998778998779,PASS,OK,12000,10000,0.00270334691,0.000717898555,0.03,0.00123515028,0.186646655,0.188034188,0.175371596,0,0,8.05616606,1.34269434,-0.00123517058,0.03,-0.000360354319,-0.5,0.5,0,0
dynamicx_standard3,yaw,DM4310,linear,sine,2000,2,1,0.00713692704547,0.0142738540909,0.0639815702465,0.998778998779,PASS,OK,12000,10000,0.0015231876,0.00158349438,0.00499423811,0.00279877928,0.192296654,0.192918193,0.182888714,0,0,5.24297924,0.873829874,-0.102614045,0.10020276,-0.00115255101,-0.5,0.5,0,0
dynamicx_standard3,yaw,DM4310,linear,sine,2000,2,0.8,0.00713692704547,0.0142738540909,0.0639815702465,0.998778998779,PASS,OK,12000,10000,0.0015231876,0.00158349438,0.00499423811,0.00279877928,0.192296654,0.192918193,0.182888714,0,0,5.24297924,0.873829874,-0.102614045,0.10020276,-0.00115255101,-0.5,0.5,0,0
dynamicx_standard3,yaw,DM4310,regularized_terminal,sine,2000,2,1,0.00713692704547,0.0142738540909,0.0639815702465,0.998778998779,PASS,OK,12000,10000,0.000742388419,0.000721906751,0.00446173442,0.00131644308,0.226276562,0.227106227,0.21074037,0,0,8.17338217,1.36223036,-0.101108816,0.100109884,-0.000358388342,-0.5,0.5,0,0
dynamicx_standard3,yaw,DM4310,regularized_terminal,sine,2000,2,0.8,0.00713692704547,0.0142738540909,0.0639815702465,0.998778998779,PASS,OK,12000,10000,0.000742388419,0.000721906751,0.00446173442,0.00131644308,0.226276562,0.227106227,0.21074037,0,0,8.17338217,1.36223036,-0.101108816,0.100109884,-0.000358388342,-0.5,0.5,0,0
dynamicx_standard3,pitch,GM6020,linear,hold,500,0.5,1,0.00975136641445,0.00487568320722,0.361892836604,0.999970092773,PASS,OK,3000,2500,0.00352252019,0.0020076071,0.0310545757,0.00380716925,0.633530438,0.6334953,0.610913497,0,0,208.065555,34.6775924,-0.00380976136,0.0310568522,-0.000790980857,-0.72,0.457,-0.45483176,-0.361892837
dynamicx_standard3,pitch,GM6020,linear,hold,500,0.5,0.8,0.00975136641445,0.00487568320722,0.361892836604,0.999970092773,PASS,OK,3000,2500,0.00472267075,0.00315517139,0.0314795065,0.00456470562,0.563456655,0.563483826,0.547355306,0,0,189.19909,31.5331817,0.00116851592,0.0314812283,0.00380588713,-0.72,0.457,-0.45483176,-0.361892837
dynamicx_standard3,pitch,GM6020,regularized_terminal,hold,500,0.5,1,0.00975136641445,0.00487568320722,0.361892836604,0.999970092773,PASS,OK,3000,2500,0.00280349587,0.00136220889,0.0309346873,0.00287415754,0.662260056,0.662259705,0.634322609,0,0,229.10156,38.1835934,-0.00287529131,0.030958312,-0.00119449547,-0.72,0.457,-0.45483176,-0.361892837
dynamicx_standard3,pitch,GM6020,regularized_terminal,hold,500,0.5,0.8,0.00975136641445,0.00487568320722,0.361892836604,0.999970092773,PASS,OK,3000,2500,0.0035241489,0.00213718302,0.0312783825,0.00361433316,0.593284249,0.593333679,0.572961933,0,0,220.647539,36.7745899,5.74117526e-05,0.0312936051,0.00185319909,-0.72,0.457,-0.45483176,-0.361892837
dynamicx_standard3,pitch,GM6020,linear,sine,500,0.5,1,0.00975136641445,0.00487568320722,0.410410490329,0.999970092773,PASS,OK,3000,2500,0.00186715547,0.00202629945,0.00405798998,0.00405798998,0.638488054,0.638515503,0.615594486,0,0,207.85457,34.6424284,-0.103173843,0.100165039,-0.000614681455,-0.72,0.457,-0.45483176,-0.361892837
dynamicx_standard3,pitch,GM6020,linear,sine,500,0.5,0.8,0.00975136641445,0.00487568320722,0.410410490329,0.999970092773,PASS,OK,3000,2500,0.00326743911,0.00314241065,0.00461595166,0.00461595166,0.560421109,0.560363159,0.545175347,0,0,189.620652,31.603442,-0.0986902105,0.10430911,0.00383429982,-0.72,0.457,-0.45483176,-0.361892837
dynamicx_standard3,pitch,GM6020,regularized_terminal,sine,500,0.5,1,0.00975136641445,0.00487568320722,0.410410490329,0.999970092773,PASS,OK,3000,2500,0.00128745285,0.00137623769,0.00310422247,0.00310422247,0.673929751,0.673928284,0.645507264,0,0,229.167366,38.194561,-0.102302067,0.100592341,-0.00114877094,-0.72,0.457,-0.45483176,-0.361892837
dynamicx_standard3,pitch,GM6020,regularized_terminal,sine,500,0.5,0.8,0.00975136641445,0.00487568320722,0.410410490329,0.999970092773,PASS,OK,3000,2500,0.00224309599,0.00213219896,0.0035964954,0.00359233079,0.596120477,0.596182983,0.575659741,0,0,221.991054,36.998509,-0.0996806723,0.10337365,0.00182730894,-0.72,0.457,-0.45483176,-0.361892837
dynamicx_standard3,pitch,GM6020,linear,hold,500,1,1,0.00975136641445,0.00975136641445,0.361892836604,0.999970092773,PASS,OK,3000,2500,0.00321412816,0.00114910288,0.0305410359,0.00191667313,0.619908214,0.619927185,0.603727105,0,0,10.9907161,1.83178601,-0.00191667313,0.0305411457,-0.000813644901,-0.72,0.457,-0.45483176,-0.361892837
dynamicx_standard3,pitch,GM6020,linear,hold,500,1,0.8,0.00975136641445,0.00975136641445,0.361892836604,0.999970092773,PASS,OK,3000,2500,0.00406249907,0.00210649338,0.0307686903,0.00298497005,0.547340989,0.547337769,0.536861798,0,0,10.5318424,1.75530707,0.00103368234,0.0307746283,0.0021381587,-0.72,0.457,-0.45483176,-0.361892837
dynamicx_standard3,pitch,GM6020,regularized_terminal,hold,500,1,1,0.00975136641445,0.00975136641445,0.361892836604,0.999970092773,PASS,OK,3000,2500,0.00264542168,0.000526738238,0.0304831213,0.000961789062,0.646751642,0.646792053,0.62733277,0,0,24.0029456,4.00049094,-0.000962253701,0.030490314,-0.000244803023,-0.72,0.457,-0.45483176,-0.361892837
dynamicx_standard3,pitch,GM6020,regularized_terminal,hold,500,1,0.8,0.00975136641445,0.00975136641445,0.361892836604,0.999970092773,PASS,OK,3000,2500,0.00302585362,0.00093880473,0.0306722639,0.00138900923,0.574741721,0.574745361,0.560626239,0,0,23.6641498,3.94402496,0.000348391684,0.0306739501,0.00106700094,-0.72,0.457,-0.45483176,-0.361892837
dynamicx_standard3,pitch,GM6020,linear,sine,500,1,1,0.00975136641445,0.00975136641445,0.415212660263,0.999970092773,PASS,OK,3000,2500,0.00105975696,0.00115499937,0.00206922713,0.00206922713,0.54871428,0.54869458,0.520894738,0,0,10.4980578,1.7496763,-0.101589727,0.0998581743,-0.000735014297,-0.72,0.457,-0.45483176,-0.361892837
dynamicx_standard3,pitch,GM6020,linear,sine,500,1,0.8,0.00975136641445,0.00975136641445,0.415212660263,0.999970092773,PASS,OK,3000,2500,0.00222267969,0.00207024406,0.003158641,0.0029921426,0.51533246,0.515317017,0.50747757,0,0,10.3975181,1.73291968,-0.0989978587,0.103137424,0.00211921506,-0.72,0.457,-0.45483176,-0.361892837
dynamicx_standard3,pitch,GM6020,regularized_terminal,sine,500,1,1,0.00975136641445,0.00975136641445,0.415212660263,0.999970092773,PASS,OK,3000,2500,0.000489443291,0.000529645095,0.00143765187,0.00104247528,0.597859919,0.597811157,0.571217465,0,0,23.7167941,3.95279901,-0.100697665,0.0999497324,-0.000217889095,-0.72,0.457,-0.45483176,-0.361892837
dynamicx_standard3,pitch,GM6020,regularized_terminal,sine,500,1,0.8,0.00975136641445,0.00975136641445,0.415212660263,0.999970092773,PASS,OK,3000,2500,0.00100431719,0.000922941719,0.00146405675,0.00137824023,0.545217454,0.54516687,0.53275177,0,0,23.3584601,3.89307669,-0.099555862,0.101419017,0.00107237684,-0.72,0.457,-0.45483176,-0.361892837
dynamicx_standard3,pitch,GM6020,linear,hold,500,2,1,0.00975136641445,0.0195027328289,0.361892836604,0.999970092773,PASS,OK,3000,2500,0.0033295398,0.00115207626,0.0302739736,0.0019082794,0.61298573,0.613007446,0.602035993,0,0,7.0246203,1.17077005,-0.0019082876,0.0302739736,-0.000811569807,-0.72,0.457,-0.45483176,-0.361892837
dynamicx_standard3,pitch,GM6020,linear,hold,500,2,0.8,0.00975136641445,0.0195027328289,0.361892836604,0.999970092773,PASS,OK,3000,2500,0.00417571138,0.00210759748,0.0303941057,0.00296393171,0.539166212,0.539196899,0.5319558,0,0,6.79721869,1.13286978,0.00104193779,0.0303968431,0.00214004566,-0.72,0.457,-0.45483176,-0.361892837
dynamicx_standard3,pitch,GM6020,regularized_terminal,hold,500,2,1,0.00975136641445,0.0195027328289,0.361892836604,0.999970092773,PASS,OK,3000,2500,0.0028618393,0.000525661834,0.0302455098,0.000905456305,0.638828635,0.638786865,0.625451054,0,0,10.9591024,1.82651706,-0.000905535371,0.0302481249,-0.000267976248,-0.72,0.457,-0.45483176,-0.361892837
dynamicx_standard3,pitch,GM6020,regularized_terminal,hold,500,2,0.8,0.00975136641445,0.0195027328289,0.361892836604,0.999970092773,PASS,OK,3000,2500,0.00326513944,0.000938070419,0.0303444966,0.00132916785,0.565290689,0.565247681,0.555727416,0,0,10.6832626,1.78054376,0.000405386578,0.0303446255,0.001044258,-0.72,0.457,-0.45483176,-0.361892837
dynamicx_standard3,pitch,GM6020,linear,sine,500,2,1,0.00975136641445,0.0195027328289,0.424821699295,0.999970092773,PASS,OK,3000,2500,0.00110585025,0.00116476626,0.0033883802,0.00211468357,0.433681697,0.433636963,0.431994961,0,0,6.50753943,1.0845899,-0.101977996,0.10021474,-0.000828886124,-0.72,0.457,-0.45483176,-0.361892837
dynamicx_standard3,pitch,GM6020,linear,sine,500,2,0.8,0.00975136641445,0.0195027328289,0.424821699295,0.999970092773,PASS,OK,3000,2500,0.00224702397,0.00204115744,0.00351818074,0.00306286585,0.462168753,0.462130005,0.452326173,0,0,6.57008844,1.09501474,-0.0993874976,0.103498157,0.00202432724,-0.72,0.457,-0.45483176,-0.361892837
dynamicx_standard3,pitch,GM6020,regularized_terminal,sine,500,2,1,0.00975136641445,0.0195027328289,0.424821699295,0.999970092773,PASS,OK,3000,2500,0.000530332902,0.000530857939,0.00306985709,0.000992552717,0.481978893,0.481939453,0.472653583,0,0,10.3774373,1.72957288,-0.100826424,0.100106247,-0.000260835023,-0.72,0.457,-0.45483176,-0.361892837
dynamicx_standard3,pitch,GM6020,regularized_terminal,sine,500,2,0.8,0.00975136641445,0.0195027328289,0.424821699295,0.999970092773,PASS,OK,3000,2500,0.00102093538,0.000907652305,0.00264643614,0.00138269381,0.524729192,0.524679016,0.510855221,0,0,10.4977864,1.74963107,-0.0996836729,0.101578275,0.00102938474,-0.72,0.457,-0.45483176,-0.361892837
dynamicx_standard3,pitch,GM6020,linear,hold,1000,0.5,1,0.00975136641445,0.00487568320722,0.361892836604,0.999970092773,PASS,OK,6000,5000,0.00329034355,0.0014894731,0.0310452161,0.00272059252,0.634804964,0.634852112,0.6091309,0,0,218.029164,36.3381941,-0.00272059252,0.0310483387,-0.00102149287,-0.72,0.457,-0.45483176,-0.361892837
dynamicx_standard3,pitch,GM6020,linear,hold,1000,0.5,0.8,0.00975136641445,0.00487568320722,0.361892836604,0.999970092773,PASS,OK,6000,5000,0.00427725736,0.00248895276,0.0314632871,0.00371821091,0.564666986,0.564704956,0.546672409,0,0,190.798093,31.7996821,0.000959185222,0.0314641373,0.00262394475,-0.72,0.457,-0.45483176,-0.361892837
dynamicx_standard3,pitch,GM6020,regularized_terminal,hold,1000,0.5,1,0.00975136641445,0.00487568320722,0.361892836604,0.999970092773,PASS,OK,6000,5000,0.00270719233,0.00115734121,0.0309497449,0.00245622624,0.664122224,0.664159241,0.633198819,0,0,242.466968,40.4111613,-0.00245889287,0.0309497449,5.85259023e-05,-0.72,0.457,-0.45483176,-0.361892837
dynamicx_standard3,pitch,GM6020,regularized_terminal,hold,1000,0.5,0.8,0.00975136641445,0.00487568320722,0.361892836604,0.999970092773,PASS,OK,6000,5000,0.00325225727,0.00173593779,0.0312779273,0.00282950477,0.594564676,0.59455481,0.571498846,0,0,227.364299,37.8940498,0.000131310943,0.0312779273,0.00238682333,-0.72,0.457,-0.45483176,-0.361892837
dynamicx_standard3,pitch,GM6020,linear,sine,1000,0.5,1,0.00975136641445,0.00487568320722,0.410410490329,0.999970092773,PASS,OK,6000,5000,0.00139510451,0.00151097212,0.00302961297,0.00302961297,0.63431865,0.634309387,0.599246907,0,0,217.835005,36.3058341,-0.102235048,0.1000483,-0.000884381672,-0.72,0.457,-0.45483176,-0.361892837
dynamicx_standard3,pitch,GM6020,linear,sine,1000,0.5,0.8,0.00975136641445,0.00487568320722,0.410410490329,0.999970092773,PASS,OK,6000,5000,0.00264037003,0.00248140429,0.00392987165,0.00371885209,0.555278838,0.555342957,0.537442148,0,0,191.262122,31.8770204,-0.0988710416,0.103856514,0.002662054,-0.72,0.457,-0.45483176,-0.361892837
dynamicx_standard3,pitch,GM6020,regularized_terminal,sine,1000,0.5,1,0.00975136641445,0.00487568320722,0.410410490329,0.999970092773,PASS,OK,6000,5000,0.00108946726,0.00116793677,0.00258707013,0.00258707013,0.665603936,0.665651733,0.632799562,0,0,242.49831,40.4163851,-0.101903589,0.100388383,0.000173431692,-0.72,0.457,-0.45483176,-0.361892837
dynamicx_standard3,pitch,GM6020,regularized_terminal,sine,1000,0.5,0.8,0.00975136641445,0.00487568320722,0.410410490329,0.999970092773,PASS,OK,6000,5000,0.00181017803,0.00173432197,0.00289818436,0.00287130534,0.588818908,0.588856201,0.562990427,0,0,228.661954,38.1103256,-0.0995959861,0.10262847,0.00229582372,-0.72,0.457,-0.45483176,-0.361892837
dynamicx_standard3,pitch,GM6020,linear,hold,1000,1,1,0.00975136641445,0.00975136641445,0.361892836604,0.999970092773,PASS,OK,6000,5000,0.00320681311,0.00114903041,0.0305386335,0.0019130111,0.620574117,0.620605591,0.603110248,0,0,11.0538078,1.8423013,-0.0019130209,0.0305388083,-0.000813068397,-0.72,0.457,-0.45483176,-0.361892837
dynamicx_standard3,pitch,GM6020,linear,hold,1000,1,0.8,0.00975136641445,0.00975136641445,0.361892836604,0.999970092773,PASS,OK,6000,5000,0.00405554887,0.00210646362,0.030769326,0.00298228974,0.548058867,0.548016174,0.536143584,0,0,10.60009,1.76668167,0.00103719584,0.0307696375,0.00213853295,-0.72,0.457,-0.45483176,-0.361892837
dynamicx_standard3,pitch,GM6020,regularized_terminal,hold,1000,1,1,0.00975136641445,0.00975136641445,0.361892836604,0.999970092773,PASS,OK,6000,5000,0.00263492581,0.000525643534,0.0304875685,0.000944375117,0.647628188,0.64760614,0.626124504,0,0,18.8401421,3.14002368,-0.000944491798,0.0304879787,-0.000244909729,-0.72,0.457,-0.45483176,-0.361892837
dynamicx_standard3,pitch,GM6020,regularized_terminal,hold,1000,1,0.8,0.00975136641445,0.00975136641445,0.361892836604,0.999970092773,PASS,OK,6000,5000,0.00301630408,0.00093817456,0.0306672989,0.00137123369,0.575422168,0.575423767,0.560076826,0,0,18.5390656,3.08984427,0.000366455585,0.0306694254,0.00106705299,-0.72,0.457,-0.45483176,-0.361892837
dynamicx_standard3,pitch,GM6020,linear,sine,1000,1,1,0.00975136641445,0.00975136641445,0.415212660263,0.999970092773,PASS,OK,6000,5000,0.0010600305,0.00115479096,0.00206562714,0.00206562714,0.530319989,0.530377625,0.502066222,0,0,10.5570791,1.75951318,-0.101593445,0.0998534599,-0.000738047968,-0.72,0.457,-0.45483176,-0.361892837
dynamicx_standard3,pitch,GM6020,linear,sine,1000,1,0.8,0.00975136641445,0.00975136641445,0.415212660263,0.999970092773,PASS,OK,6000,5000,0.00222023632,0.00207036114,0.00315414505,0.00299296205,0.512745082,0.512739075,0.503708938,0,0,10.512847,1.75214117,-0.0990011875,0.103131876,0.00211650461,-0.72,0.457,-0.45483176,-0.361892837
dynamicx_standard3,pitch,GM6020,regularized_terminal,sine,1000,1,1,0.00975136641445,0.00975136641445,0.415212660263,0.999970092773,PASS,OK,6000,5000,0.000488457669,0.00052851778,0.00144248222,0.0010233395,0.585438073,0.585464172,0.547985957,0,0,18.6622641,3.11037735,-0.100685698,0.0999281299,-0.00021971563,-0.72,0.457,-0.45483176,-0.361892837
dynamicx_standard3,pitch,GM6020,regularized_terminal,sine,1000,1,0.8,0.00975136641445,0.00975136641445,0.415212660263,0.999970092773,PASS,OK,6000,5000,0.00100166715,0.000922329487,0.00144667152,0.00135849094,0.540864825,0.540825073,0.526695045,0,0,18.396329,3.06605484,-0.0995433235,0.101398117,0.00107070384,-0.72,0.457,-0.45483176,-0.361892837
dynamicx_standard3,pitch,GM6020,linear,hold,1000,2,1,0.00975136641445,0.0195027328289,0.361892836604,0.999970092773,PASS,OK,6000,5000,0.00332219891,0.00115204866,0.0302733785,0.00190827777,0.613335848,0.613278809,0.601388289,0,0,7.35608936,1.22601489,-0.00190830024,0.0302733785,-0.000813828564,-0.72,0.457,-0.45483176,-0.361892837
dynamicx_standard3,pitch,GM6020,linear,hold,1000,2,0.8,0.00975136641445,0.0195027328289,0.361892836604,0.999970092773,PASS,OK,6000,5000,0.00416950505,0.00210759738,0.0303954293,0.00296393606,0.539537847,0.539603943,0.531565208,0,0,7.14062769,1.19010461,0.00104196243,0.0303954969,0.00213814796,-0.72,0.457,-0.45483176,-0.361892837
dynamicx_standard3,pitch,GM6020,regularized_terminal,hold,1000,2,1,0.00975136641445,0.0195027328289,0.361892836604,0.999970092773,PASS,OK,6000,5000,0.00285227042,0.000525643971,0.0302469668,0.000905894943,0.639284909,0.63932959,0.624475536,0,0,11.2939634,1.88232724,-0.000905902992,0.0302475091,-0.000267317738,-0.72,0.457,-0.45483176,-0.361892837
dynamicx_standard3,pitch,GM6020,regularized_terminal,hold,1000,2,0.8,0.00975136641445,0.0195027328289,0.361892836604,0.999970092773,PASS,OK,6000,5000,0.00325672186,0.000938075258,0.030343216,0.00132949683,0.565653443,0.565654724,0.555195392,0,0,11.0113396,1.83522327,0.000405022388,0.0303433954,0.00104485549,-0.72,0.457,-0.45483176,-0.361892837
dynamicx_standard3,pitch,GM6020,linear,sine,1000,2,1,0.00975136641445,0.0195027328289,0.424821699295,0.999970092773,PASS,OK,6000,5000,0.00110720903,0.00116457673,0.00339825381,0.00211175691,0.43457979,0.434586731,0.432409052,0,0,6.83398828,1.13899805,-0.101977981,0.10021286,-0.000834912929,-0.72,0.457,-0.45483176,-0.361892837
dynamicx_standard3,pitch,GM6020,linear,sine,1000,2,0.8,0.00975136641445,0.0195027328289,0.424821699295,0.999970092773,PASS,OK,6000,5000,0.00224695477,0.00204133004,0.00351785562,0.00306795788,0.449350059,0.449375977,0.439714747,0,0,6.88839642,1.14806607,-0.0993871051,0.10349609,0.00201813061,-0.72,0.457,-0.45483176,-0.361892837
dynamicx_standard3,pitch,GM6020,regularized_terminal,sine,1000,2,1,0.00975136641445,0.0195027328289,0.424821699295,0.999970092773,PASS,OK,6000,5000,0.000531813718,0.000530787164,0.00308716135,0.000991248095,0.467627615,0.467692932,0.458606272,0,0,10.7007654,1.78346091,-0.100827948,0.100104679,-0.000262198463,-0.72,0.457,-0.45483176,-0.361892837
dynamicx_standard3,pitch,GM6020,regularized_terminal,sine,1000,2,0.8,0.00975136641445,0.0195027328289,0.424821699295,0.999970092773,PASS,OK,6000,5000,0.0010210859,0.00090762733,0.00265682259,0.00138278709,0.507172287,0.507176147,0.493292706,0,0,10.8045615,1.80076025,-0.0996855159,0.10157686,0.00102809243,-0.72,0.457,-0.45483176,-0.361892837
dynamicx_standard3,pitch,GM6020,linear,hold,2000,0.5,1,0.00975136641445,0.00487568320722,0.361892836604,0.999970092773,PASS,OK,12000,10000,0.00325432156,0.00140187815,0.0310441648,0.00260962589,0.635546744,0.635530518,0.60868895,0,0,222.218456,37.0364093,-0.00261028938,0.0310443952,-0.000784911799,-0.72,0.457,-0.45483176,-0.361892837
dynamicx_standard3,pitch,GM6020,linear,hold,2000,0.5,0.8,0.00975136641445,0.00487568320722,0.361892836604,0.999970092773,PASS,OK,12000,10000,0.00417180974,0.002360012,0.0314561586,0.0036637312,0.565407991,0.565383362,0.546298745,0,0,189.435311,31.5725519,0.00082567164,0.0314567273,0.00200843985,-0.72,0.457,-0.45483176,-0.361892837
dynamicx_standard3,pitch,GM6020,regularized_terminal,hold,2000,0.5,1,0.00975136641445,0.00487568320722,0.361892836604,0.999970092773,PASS,OK,12000,10000,0.00265239497,0.00102258978,0.0309460145,0.00222845213,0.66527617,0.66524469,0.632321255,0,0,250.557092,41.7595154,-0.00222866833,0.0309460651,-0.000412174662,-0.72,0.457,-0.45483176,-0.361892837
dynamicx_standard3,pitch,GM6020,regularized_terminal,hold,2000,0.5,0.8,0.00975136641445,0.00487568320722,0.361892836604,0.999970092773,PASS,OK,12000,10000,0.00311936932,0.0014932615,0.0312708551,0.00235879883,0.595365882,0.595368896,0.571044521,0,0,229.395989,38.2326648,0.000177795575,0.0312708551,0.00195202827,-0.72,0.457,-0.45483176,-0.361892837
dynamicx_standard3,pitch,GM6020,linear,sine,2000,0.5,1,0.00975136641445,0.00487568320722,0.410410490329,0.999970092773,PASS,OK,12000,10000,0.00131443759,0.00142448321,0.00292733026,0.00292733026,0.634345889,0.634309387,0.595440582,0,0,222.014934,37.002489,-0.102147559,0.100061892,-0.000654887392,-0.72,0.457,-0.45483176,-0.361892837
dynamicx_standard3,pitch,GM6020,linear,sine,2000,0.5,0.8,0.00975136641445,0.00487568320722,0.410410490329,0.999970092773,PASS,OK,12000,10000,0.00249033983,0.00235149948,0.00365938798,0.00365938798,0.552470207,0.552493652,0.534160527,0,0,190.089023,31.6815038,-0.0990430184,0.103586504,0.00204235757,-0.72,0.457,-0.45483176,-0.361892837
dynamicx_standard3,pitch,GM6020,regularized_terminal,sine,2000,0.5,1,0.00975136641445,0.00487568320722,0.410410490329,0.999970092773,PASS,OK,12000,10000,0.000946179442,0.00101470728,0.00221134125,0.00221134125,0.660534322,0.66049585,0.62517842,0,0,250.664416,41.7774027,-0.101670387,0.100313513,0.000178865099,-0.72,0.457,-0.45483176,-0.361892837
dynamicx_standard3,pitch,GM6020,regularized_terminal,sine,2000,0.5,0.8,0.00975136641445,0.00487568320722,0.410410490329,0.999970092773,PASS,OK,12000,10000,0.00157594335,0.00149401809,0.0026057052,0.0024595259,0.585251033,0.58519281,0.558043198,0,0,230.770167,38.4616945,-0.0996393083,0.10239976,0.00200855753,-0.72,0.457,-0.45483176,-0.361892837
dynamicx_standard3,pitch,GM6020,linear,hold,2000,1,1,0.00975136641445,0.00975136641445,0.361892836604,0.999970092773,PASS,OK,12000,10000,0.00320321357,0.00114901875,0.0305375314,0.00191172193,0.62095654,0.621012634,0.602539477,0,0,11.2660131,1.87766885,-0.00191175179,0.0305377362,-0.000814000089,-0.72,0.457,-0.45483176,-0.361892837
dynamicx_standard3,pitch,GM6020,linear,hold,2000,1,0.8,0.00975136641445,0.00975136641445,0.361892836604,0.999970092773,PASS,OK,12000,10000,0.00405226602,0.00210642513,0.0307669468,0.0029810839,0.548399091,0.548423218,0.535849285,0,0,10.8312907,1.80521512,0.00103845628,0.0307673388,0.00213795384,-0.72,0.457,-0.45483176,-0.361892837
dynamicx_standard3,pitch,GM6020,regularized_terminal,hold,2000,1,1,0.00975136641445,0.00975136641445,0.361892836604,0.999970092773,PASS,OK,12000,10000,0.00262972005,0.000525361237,0.0304865832,0.00093893915,0.648262143,0.648284546,0.62552039,0,0,17.6122277,2.93537128,-0.000938963807,0.0304869264,-0.000247064488,-0.72,0.457,-0.45483176,-0.361892837
dynamicx_standard3,pitch,GM6020,regularized_terminal,hold,2000,1,0.8,0.00975136641445,0.00975136641445,0.361892836604,0.999970092773,PASS,OK,12000,10000,0.00301174847,0.000938036487,0.0306673368,0.00136573216,0.575900316,0.575966492,0.559614666,0,0,17.2979901,2.88299835,0.000371898356,0.0306673368,0.00106474484,-0.72,0.457,-0.45483176,-0.361892837
dynamicx_standard3,pitch,GM6020,linear,sine,2000,1,1,0.00975136641445,0.00975136641445,0.415212660263,0.999970092773,PASS,OK,12000,10000,0.001060214,0.00115470188,0.00206381252,0.00206381252,0.520654202,0.520608582,0.492281728,0,0,10.7580229,1.79300381,-0.101594447,0.0998520136,-0.000740653542,-0.72,0.457,-0.45483176,-0.361892837
dynamicx_standard3,pitch,GM6020,linear,sine,2000,1,0.8,0.00975136641445,0.00975136641445,0.415212660263,0.999970092773,PASS,OK,12000,10000,0.00221926974,0.00207041132,0.00315205176,0.00299358392,0.511561692,0.511517944,0.501364575,0,0,10.7576158,1.79293597,-0.0990018946,0.103130382,0.00211374639,-0.72,0.457,-0.45483176,-0.361892837
dynamicx_standard3,pitch,GM6020,regularized_terminal,sine,2000,1,1,0.00975136641445,0.00975136641445,0.415212660263,0.999970092773,PASS,OK,12000,10000,0.000488287286,0.000528207786,0.00144486749,0.00101748727,0.573373616,0.57338855,0.535183974,0,0,17.3986655,2.89977759,-0.100681517,0.0999239838,-0.000222883943,-0.72,0.457,-0.45483176,-0.361892837
dynamicx_standard3,pitch,GM6020,regularized_terminal,sine,2000,1,0.8,0.00975136641445,0.00975136641445,0.415212660263,0.999970092773,PASS,OK,12000,10000,0.00100072564,0.000922184481,0.00144036999,0.0013519387,0.538658381,0.538654175,0.523628563,0,0,17.23422,2.87237,-0.0995391098,0.101393971,0.00106748203,-0.72,0.457,-0.45483176,-0.361892837
dynamicx_standard3,pitch,GM6020,linear,hold,2000,2,1,0.00975136641445,0.0195027328289,0.361892836604,0.999970092773,PASS,OK,12000,10000,0.00331859809,0.00115201955,0.0302730782,0.0019081022,0.613535047,0.613550171,0.601069767,0,0,7.5407514,1.2567919,-0.0019081051,0.0302730782,-0.000814757127,-0.72,0.457,-0.45483176,-0.361892837
dynamicx_standard3,pitch,GM6020,linear,hold,2000,2,0.8,0.00975136641445,0.0195027328289,0.361892836604,0.999970092773,PASS,OK,12000,10000,0.00416638796,0.00210756576,0.0303948505,0.00296398026,0.539717853,0.539739624,0.531365322,0,0,7.33261652,1.22210275,0.00104194143,0.0303949085,0.0021369093,-0.72,0.457,-0.45483176,-0.361892837
dynamicx_standard3,pitch,GM6020,regularized_terminal,hold,2000,2,1,0.00975136641445,0.0195027328289,0.361892836604,0.999970092773,PASS,OK,12000,10000,0.00284743723,0.000525645399,0.03024698,0.000905903423,0.639611483,0.639600952,0.624078004,0,0,11.420554,1.90342566,-0.000905921134,0.0302472058,-0.00026680096,-0.72,0.457,-0.45483176,-0.361892837
dynamicx_standard3,pitch,GM6020,regularized_terminal,hold,2000,2,0.8,0.00975136641445,0.0195027328289,0.361892836604,0.999970092773,PASS,OK,12000,10000,0.00325257762,0.000938085801,0.0303425841,0.00132942505,0.565904737,0.565926086,0.554924405,0,0,11.1462067,1.85770111,0.000404712001,0.0303427879,0.00104527911,-0.72,0.457,-0.45483176,-0.361892837
dynamicx_standard3,pitch,GM6020,linear,sine,2000,2,1,0.00975136641445,0.0195027328289,0.424821699295,0.999970092773,PASS,OK,12000,10000,0.00110793226,0.00116452631,0.00340392777,0.00211039492,0.434864134,0.434858093,0.432616196,0,0,7.02285645,1.17047607,-0.101977926,0.100211913,-0.000837849252,-0.72,0.457,-0.45483176,-0.361892837
dynamicx_standard3,pitch,GM6020,linear,sine,2000,2,0.8,0.00975136641445,0.0195027328289,0.424821699295,0.999970092773,PASS,OK,12000,10000,0.00224691998,0.00204134046,0.00351785068,0.0030701946,0.442795604,0.442863281,0.434094386,0,0,7.07319415,1.17886569,-0.099387202,0.103495188,0.00201531703,-0.72,0.457,-0.45483176,-0.361892837
dynamicx_standard3,pitch,GM6020,regularized_terminal,sine,2000,2,1,0.00975136641445,0.0195027328289,0.424821699295,0.999970092773,PASS,OK,12000,10000,0.000532545562,0.000530745592,0.00309319641,0.000990557896,0.460864544,0.460908875,0.451922445,0,0,10.831155,1.8051925,-0.100829111,0.10010408,-0.000262927086,-0.72,0.457,-0.45483176,-0.361892837
dynamicx_standard3,pitch,GM6020,regularized_terminal,sine,2000,2,0.8,0.00975136641445,0.0195027328289,0.424821699295,0.999970092773,PASS,OK,12000,10000,0.00102121184,0.000907640268,0.00266192363,0.0013826306,0.498240292,0.498221191,0.484760349,0,0,10.9296595,1.82160992,-0.0996867825,0.101576228,0.00102743971,-0.72,0.457,-0.45483176,-0.361892837
dynamicx_standard3,pitch,DM4310,linear,hold,500,0.5,1,0.00975136641445,0.00487568320722,0.361892836604,0.998778998779,PASS,OK,3000,2500,0.00352041872,0.00200227995,0.031061729,0.00379617103,0.633672953,0.632478632,0.611540794,0,0,207.973138,34.6621897,-0.00379947731,0.0310635864,-0.000885286401,-0.72,0.457,-0.45483176,-0.361892837
dynamicx_standard3,pitch,DM4310,linear,hold,500,0.5,0.8,0.00975136641445,0.00487568320722,0.361892836604,0.998778998779,PASS,OK,3000,2500,0.00472530405,0.00316145773,0.0314789315,0.00458337493,0.563481927,0.564102564,0.547442148,0,0,189.096459,31.5160765,0.00117111888,0.0314804438,0.00363078295,-0.72,0.457,-0.45483176,-0.361892837
dynamicx_standard3,pitch,DM4310,regularized_terminal,hold,500,0.5,1,0.00975136641445,0.00487568320722,0.361892836604,0.998778998779,PASS,OK,3000,2500,0.0028036466,0.00136256744,0.0309306768,0.00285542102,0.66215229,0.661782662,0.634335033,0,0,228.959707,38.1599512,-0.00286483077,0.0309543934,-0.00111894244,-0.72,0.457,-0.45483176,-0.361892837
dynamicx_standard3,pitch,DM4310,regularized_terminal,hold,500,0.5,0.8,0.00975136641445,0.00487568320722,0.361892836604,0.998778998779,PASS,OK,3000,2500,0.00352552319,0.00213688496,0.0312775083,0.00359487046,0.593292117,0.593406593,0.572528081,0,0,220.871795,36.8119658,4.65935334e-05,0.0312928972,0.00199304917,-0.72,0.457,-0.45483176,-0.361892837
dynamicx_standard3,pitch,DM4310,linear,sine,500,0.5,1,0.00975136641445,0.00487568320722,0.410410490329,0.998778998779,PASS,OK,3000,2500,0.00186256693,0.00202123578,0.00403911426,0.00403911426,0.638508856,0.637362637,0.615037721,0,0,207.885226,34.6475376,-0.103174647,0.100164974,-0.000587198402,-0.72,0.457,-0.45483176,-0.361892837
dynamicx_standard3,pitch,DM4310,linear,sine,500,0.5,0.8,0.00975136641445,0.00487568320722,0.410410490329,0.998778998779,PASS,OK,3000,2500,0.00327456314,0.00315121297,0.00466852136,0.00466852136,0.560155332,0.559218559,0.544738676,0,0,189.5116,31.5852666,-0.09869687,0.10429503,0.00366068692,-0.72,0.457,-0.45483176,-0.361892837
dynamicx_standard3,pitch,DM4310,regularized_terminal,sine,500,0.5,1,0.00975136641445,0.00487568320722,0.410410490329,0.998778998779,PASS,OK,3000,2500,0.00128620853,0.00137470298,0.00304614206,0.00304614206,0.673653245,0.671550672,0.646597306,0,0,229.321123,38.2201872,-0.10229534,0.100589208,-0.000941245555,-0.72,0.457,-0.45483176,-0.361892837
dynamicx_standard3,pitch,DM4310,regularized_terminal,sine,500,0.5,0.8,0.00975136641445,0.00487568320722,0.410410490329,0.998778998779,PASS,OK,3000,2500,0.00224199992,0.00213076866,0.00361972086,0.00361714453,0.596283317,0.598290598,0.575007648,0,0,221.8779,36.97965,-0.0996685285,0.103391367,0.00182032936,-0.72,0.457,-0.45483176,-0.361892837
dynamicx_standard3,pitch,DM4310,linear,hold,500,1,1,0.00975136641445,0.00975136641445,0.361892836604,0.998778998779,PASS,OK,3000,2500,0.00321546018,0.00114962013,0.0305440297,0.0019235433,0.619959176,0.617826618,0.603714795,0,0,11.2698413,1.87830688,-0.00192393406,0.0305440655,-0.000808384704,-0.72,0.457,-0.45483176,-0.361892837
dynamicx_standard3,pitch,DM4310,linear,hold,500,1,0.8,0.00975136641445,0.00975136641445,0.361892836604,0.998778998779,PASS,OK,3000,2500,0.00406057696,0.00210599474,0.0307667245,0.00299932685,0.54733032,0.549450549,0.537175468,0,0,10.5567766,1.75946276,0.0010377883,0.0307723247,0.00214853026,-0.72,0.457,-0.45483176,-0.361892837
dynamicx_standard3,pitch,DM4310,regularized_terminal,hold,500,1,1,0.00975136641445,0.00975136641445,0.361892836604,0.998778998779,PASS,OK,3000,2500,0.00264537853,0.000527390992,0.0304813542,0.000962315536,0.646713376,0.647130647,0.626343908,0,0,23.7142857,3.95238095,-0.000963684144,0.0304888315,-0.000246665162,-0.72,0.457,-0.45483176,-0.361892837
dynamicx_standard3,pitch,DM4310,regularized_terminal,hold,500,1,0.8,0.00975136641445,0.00975136641445,0.361892836604,0.998778998779,PASS,OK,3000,2500,0.00302558661,0.000938949657,0.0306721723,0.00139455079,0.574757576,0.573870574,0.56031393,0,0,23.8021978,3.96703297,0.000350214715,0.0306739171,0.00106822754,-0.72,0.457,-0.45483176,-0.361892837
dynamicx_standard3,pitch,DM4310,linear,sine,500,1,1,0.00975136641445,0.00975136641445,0.415212660263,0.998778998779,PASS,OK,3000,2500,0.00105869663,0.00115380476,0.0020639519,0.0020639519,0.547911227,0.549450549,0.519387191,0,0,10.4688645,1.74481074,-0.101587151,0.0998650427,-0.000734930649,-0.72,0.457,-0.45483176,-0.361892837
dynamicx_standard3,pitch,DM4310,linear,sine,500,1,0.8,0.00975136641445,0.00975136641445,0.415212660263,0.998778998779,PASS,OK,3000,2500,0.00222182111,0.00207042669,0.00315153038,0.00298994058,0.515338302,0.515262515,0.508163648,0,0,10.5811966,1.76353276,-0.0989937241,0.103129941,0.00210932405,-0.72,0.457,-0.45483176,-0.361892837
dynamicx_standard3,pitch,DM4310,regularized_terminal,sine,500,1,1,0.00975136641445,0.00975136641445,0.415212660263,0.998778998779,PASS,OK,3000,2500,0.000489021033,0.00052920588,0.00143630806,0.00104719483,0.597625554,0.598290598,0.570534737,0,0,23.8998779,3.98331298,-0.100694975,0.0999537269,-0.000220947488,-0.72,0.457,-0.45483176,-0.361892837
dynamicx_standard3,pitch,DM4310,regularized_terminal,sine,500,1,0.8,0.00975136641445,0.00975136641445,0.415212660263,0.998778998779,PASS,OK,3000,2500,0.00100522582,0.000923850599,0.00147618135,0.00138505289,0.545231879,0.544566545,0.532801698,0,0,23.4945055,3.91575092,-0.0995549219,0.101419133,0.00106740098,-0.72,0.457,-0.45483176,-0.361892837
dynamicx_standard3,pitch,DM4310,linear,hold,500,2,1,0.00975136641445,0.0195027328289,0.361892836604,0.998778998779,PASS,OK,3000,2500,0.00332980438,0.0011523879,0.0302755751,0.00191288807,0.613017619,0.612942613,0.602075513,0,0,6.94749695,1.15791616,-0.00191304506,0.0302755751,-0.000817180915,-0.72,0.457,-0.45483176,-0.361892837
dynamicx_standard3,pitch,DM4310,linear,hold,500,2,0.8,0.00975136641445,0.0195027328289,0.361892836604,0.998778998779,PASS,OK,3000,2500,0.00417352799,0.00210517584,0.0303926854,0.00297137791,0.539166868,0.53968254,0.533392163,0,0,6.91819292,1.15303215,0.00103437136,0.0303957446,0.00214024043,-0.72,0.457,-0.45483176,-0.361892837
dynamicx_standard3,pitch,DM4310,regularized_terminal,hold,500,2,1,0.00975136641445,0.0195027328289,0.361892836604,0.998778998779,PASS,OK,3000,2500,0.00286242154,0.000526264304,0.0302453888,0.000910687971,0.638816237,0.637362637,0.625267784,0,0,10.9377289,1.82295482,-0.000910723262,0.0302479234,-0.000267878541,-0.72,0.457,-0.45483176,-0.361892837
dynamicx_standard3,pitch,DM4310,regularized_terminal,hold,500,2,0.8,0.00975136641445,0.0195027328289,0.361892836604,0.998778998779,PASS,OK,3000,2500,0.00326591682,0.000937300442,0.0303454666,0.00133773243,0.565303981,0.564102564,0.556249685,0,0,10.6446886,1.77411477,0.000404822225,0.0303455569,0.00104840705,-0.72,0.457,-0.45483176,-0.361892837
dynamicx_standard3,pitch,DM4310,linear,sine,500,2,1,0.00975136641445,0.0195027328289,0.424821699295,0.998778998779,PASS,OK,3000,2500,0.00110710692,0.00116553217,0.00340353632,0.00211371181,0.433820069,0.432234432,0.431788639,0,0,6.54212454,1.09035409,-0.10198148,0.100210914,-0.000821119406,-0.72,0.457,-0.45483176,-0.361892837
dynamicx_standard3,pitch,DM4310,linear,sine,500,2,0.8,0.00975136641445,0.0195027328289,0.424821699295,0.998778998779,PASS,OK,3000,2500,0.00224783299,0.00204200395,0.00351298246,0.00306933973,0.462474644,0.461538462,0.451891772,0,0,6.50793651,1.08465608,-0.0993845841,0.103493848,0.00201737684,-0.72,0.457,-0.45483176,-0.361892837
dynamicx_standard3,pitch,DM4310,regularized_terminal,sine,500,2,1,0.00975136641445,0.0195027328289,0.424821699295,0.998778998779,PASS,OK,3000,2500,0.000529992724,0.000530813745,0.00306071303,0.000986294343,0.482211977,0.481074481,0.472242419,0,0,10.6642247,1.77737078,-0.100827712,0.100108771,-0.000262386168,-0.72,0.457,-0.45483176,-0.361892837
dynamicx_standard3,pitch,DM4310,regularized_terminal,sine,500,2,0.8,0.00975136641445,0.0195027328289,0.424821699295,0.998778998779,PASS,OK,3000,2500,0.00102074928,0.000907612827,0.00265101701,0.00138104101,0.524607718,0.525030525,0.512321788,0,0,10.6202686,1.77004477,-0.0996828143,0.101573784,0.00103080777,-0.72,0.457,-0.45483176,-0.361892837
dynamicx_standard3,pitch,DM4310,linear,hold,1000,0.5,1,0.00975136641445,0.00487568320722,0.361892836604,0.998778998779,PASS,OK,6000,5000,0.00328920097,0.00148828405,0.0310463196,0.00271489983,0.634822607,0.632478632,0.608468398,0,0,217.90232,36.3170533,-0.00271507965,0.0310492834,-0.00109351899,-0.72,0.457,-0.45483176,-0.361892837
dynamicx_standard3,pitch,DM4310,linear,hold,1000,0.5,0.8,0.00975136641445,0.00487568320722,0.361892836604,0.998778998779,PASS,OK,6000,5000,0.00427902486,0.00249128674,0.0314649622,0.00371110725,0.564708114,0.564102564,0.545679832,0,0,190.752137,31.7920228,0.000948877994,0.0314658595,0.00265179787,-0.72,0.457,-0.45483176,-0.361892837
dynamicx_standard3,pitch,DM4310,regularized_terminal,hold,1000,0.5,1,0.00975136641445,0.00487568320722,0.361892836604,0.998778998779,PASS,OK,6000,5000,0.00270698868,0.00115821627,0.0309462215,0.00248589203,0.66405344,0.661782662,0.633193507,0,0,242.566545,40.4277574,-0.00248589203,0.0309462215,1.04982136e-05,-0.72,0.457,-0.45483176,-0.361892837
dynamicx_standard3,pitch,DM4310,regularized_terminal,hold,1000,0.5,0.8,0.00975136641445,0.00487568320722,0.361892836604,0.998778998779,PASS,OK,6000,5000,0.00325210924,0.00173576877,0.0312750038,0.00283904193,0.594511151,0.593406593,0.572035277,0,0,227.474969,37.9124949,0.000136278506,0.0312750038,0.00231647077,-0.72,0.457,-0.45483176,-0.361892837
dynamicx_standard3,pitch,DM4310,linear,sine,1000,0.5,1,0.00975136641445,0.00487568320722,0.410410490329,0.998778998779,PASS,OK,6000,5000,0.00139511823,0.0015108968,0.00304252558,0.00304252558,0.634277105,0.632478632,0.598355076,0,0,217.799756,36.2999593,-0.102235222,0.100041958,-0.000985910119,-0.72,0.457,-0.45483176,-0.361892837
dynamicx_standard3,pitch,DM4310,linear,sine,1000,0.5,0.8,0.00975136641445,0.00487568320722,0.410410490329,0.998778998779,PASS,OK,6000,5000,0.00264087036,0.00248248717,0.00392933434,0.0037181183,0.554926634,0.554334554,0.537665089,0,0,191.240537,31.8734229,-0.0988747477,0.103864974,0.00269211335,-0.72,0.457,-0.45483176,-0.361892837
dynamicx_standard3,pitch,DM4310,regularized_terminal,sine,1000,0.5,1,0.00975136641445,0.00487568320722,0.410410490329,0.998778998779,PASS,OK,6000,5000,0.00108972245,0.00116820099,0.00259710788,0.00259710788,0.665886283,0.666666667,0.632797271,0,0,242.542125,40.4236874,-0.101900945,0.100389667,0.000205228249,-0.72,0.457,-0.45483176,-0.361892837
dynamicx_standard3,pitch,DM4310,regularized_terminal,sine,1000,0.5,0.8,0.00975136641445,0.00487568320722,0.410410490329,0.998778998779,PASS,OK,6000,5000,0.00180936995,0.00173316209,0.00289678016,0.00288229685,0.588856578,0.588522589,0.563260272,0,0,228.788767,38.1314611,-0.0995955712,0.102640395,0.00226992215,-0.72,0.457,-0.45483176,-0.361892837
dynamicx_standard3,pitch,DM4310,linear,hold,1000,1,1,0.00975136641445,0.00975136641445,0.361892836604,0.998778998779,PASS,OK,6000,5000,0.00320771366,0.00114985914,0.0305390431,0.00192059533,0.620594442,0.622710623,0.602995594,0,0,11.0842491,1.84737485,-0.00192065142,0.0305392283,-0.000815059548,-0.72,0.457,-0.45483176,-0.361892837
dynamicx_standard3,pitch,DM4310,linear,hold,1000,1,0.8,0.00975136641445,0.00975136641445,0.361892836604,0.998778998779,PASS,OK,6000,5000,0.00405497635,0.00210584406,0.030767626,0.00298603033,0.548036754,0.549450549,0.535591958,0,0,10.5860806,1.76434676,0.00103382347,0.0307679949,0.00214496797,-0.72,0.457,-0.45483176,-0.361892837
dynamicx_standard3,pitch,DM4310,regularized_terminal,hold,1000,1,1,0.00975136641445,0.00975136641445,0.361892836604,0.998778998779,PASS,OK,6000,5000,0.00263544535,0.000525396874,0.030487261,0.000947893749,0.647617102,0.647130647,0.626721309,0,0,18.8693529,3.14489214,-0.000947994077,0.0304876669,-0.000242352215,-0.72,0.457,-0.45483176,-0.361892837
dynamicx_standard3,pitch,DM4310,regularized_terminal,hold,1000,1,0.8,0.00975136641445,0.00975136641445,0.361892836604,0.998778998779,PASS,OK,6000,5000,0.00301565258,0.000938733352,0.0306664933,0.00137681389,0.575413704,0.573870574,0.560500196,0,0,18.5177045,3.08628409,0.000366971754,0.0306686776,0.00106911925,-0.72,0.457,-0.45483176,-0.361892837
dynamicx_standard3,pitch,DM4310,linear,sine,1000,1,1,0.00975136641445,0.00975136641445,0.415212660263,0.998778998779,PASS,OK,6000,5000,0.00105869455,0.00115329361,0.00206696666,0.00206696666,0.529209852,0.52991453,0.501914582,0,0,10.6984127,1.78306878,-0.101602154,0.0998491034,-0.000733769644,-0.72,0.457,-0.45483176,-0.361892837
dynamicx_standard3,pitch,DM4310,linear,sine,1000,1,0.8,0.00975136641445,0.00975136641445,0.415212660263,0.998778998779,PASS,OK,6000,5000,0.00221986853,0.00206993239,0.00315089078,0.00299004556,0.512692928,0.51037851,0.503347826,0,0,10.4297924,1.73829874,-0.0990018157,0.103129468,0.00211793263,-0.72,0.457,-0.45483176,-0.361892837
dynamicx_standard3,pitch,DM4310,regularized_terminal,sine,1000,1,1,0.00975136641445,0.00975136641445,0.415212660263,0.998778998779,PASS,OK,6000,5000,0.000488351775,0.000528446282,0.00144013151,0.00102226704,0.584727228,0.583638584,0.547068264,0,0,18.6886447,3.11477411,-0.100684488,0.0999284122,-0.000222817053,-0.72,0.457,-0.45483176,-0.361892837
dynamicx_standard3,pitch,DM4310,regularized_terminal,sine,1000,1,0.8,0.00975136641445,0.00975136641445,0.415212660263,0.998778998779,PASS,OK,6000,5000,0.0010011669,0.000922179288,0.00144529901,0.00135716976,0.540741205,0.53968254,0.527200006,0,0,18.5323565,3.08872609,-0.0995461104,0.101396954,0.00106731657,-0.72,0.457,-0.45483176,-0.361892837
dynamicx_standard3,pitch,DM4310,linear,hold,1000,2,1,0.00975136641445,0.0195027328289,0.361892836604,0.998778998779,PASS,OK,6000,5000,0.00332184088,0.00115206328,0.0302736419,0.00190787754,0.613343954,0.612942613,0.601694258,0,0,7.34798535,1.22466422,-0.00190787866,0.0302736419,-0.000812556715,-0.72,0.457,-0.45483176,-0.361892837
dynamicx_standard3,pitch,DM4310,linear,hold,1000,2,0.8,0.00975136641445,0.0195027328289,0.361892836604,0.998778998779,PASS,OK,6000,5000,0.00416812953,0.00210454076,0.0303957013,0.0029676316,0.539549172,0.53968254,0.532326469,0,0,7.17704518,1.1961742,0.00103864541,0.0303957615,0.00213666217,-0.72,0.457,-0.45483176,-0.361892837
dynamicx_standard3,pitch,DM4310,regularized_terminal,hold,1000,2,1,0.00975136641445,0.0195027328289,0.361892836604,0.998778998779,PASS,OK,6000,5000,0.00285247739,0.000525984081,0.0302467537,0.000909941494,0.639273167,0.637362637,0.624416185,0,0,11.2551893,1.87586488,-0.000909955858,0.0302473207,-0.000272150768,-0.72,0.457,-0.45483176,-0.361892837
dynamicx_standard3,pitch,DM4310,regularized_terminal,hold,1000,2,0.8,0.00975136641445,0.0195027328289,0.361892836604,0.998778998779,PASS,OK,6000,5000,0.00325616244,0.000938322956,0.0303426227,0.00133516928,0.565641165,0.564102564,0.555613625,0,0,11.040293,1.84004884,0.000399322926,0.0303428063,0.00104433135,-0.72,0.457,-0.45483176,-0.361892837
dynamicx_standard3,pitch,DM4310,linear,sine,1000,2,1,0.00975136641445,0.0195027328289,0.424821699295,0.998778998779,PASS,OK,6000,5000,0.00110806996,0.00116573676,0.00339546068,0.00211912051,0.434169292,0.432234432,0.431556757,0,0,6.83028083,1.13838014,-0.10198503,0.100208752,-0.000831181563,-0.72,0.457,-0.45483176,-0.361892837
dynamicx_standard3,pitch,DM4310,linear,sine,1000,2,0.8,0.00975136641445,0.0195027328289,0.424821699295,0.998778998779,PASS,OK,6000,5000,0.00224691072,0.00204202376,0.00350946094,0.00307051422,0.448795855,0.446886447,0.439189104,0,0,6.85958486,1.14326414,-0.099389245,0.103487092,0.00202004678,-0.72,0.457,-0.45483176,-0.361892837
dynamicx_standard3,pitch,DM4310,regularized_terminal,sine,1000,2,1,0.00975136641445,0.0195027328289,0.424821699295,0.998778998779,PASS,OK,6000,5000,0.000531908451,0.000531389257,0.00307698661,0.00100166164,0.467599422,0.466422466,0.458208497,0,0,10.8937729,1.81562882,-0.100824151,0.100102698,-0.000259565987,-0.72,0.457,-0.45483176,-0.361892837
dynamicx_standard3,pitch,DM4310,regularized_terminal,sine,1000,2,0.8,0.00975136641445,0.0195027328289,0.424821699295,0.998778998779,PASS,OK,6000,5000,0.00102079257,0.000907147134,0.0026613382,0.00138222864,0.507561564,0.505494505,0.4938936,0,0,10.967033,1.82783883,-0.0996839653,0.101578122,0.00102731434,-0.72,0.457,-0.45483176,-0.361892837
dynamicx_standard3,pitch,DM4310,linear,hold,2000,0.5,1,0.00975136641445,0.00487568320722,0.361892836604,0.998778998779,PASS,OK,12000,10000,0.00325255451,0.00139783217,0.0310460541,0.00259903895,0.635588884,0.637362637,0.608598272,0,0,221.521368,36.9202279,-0.00259909425,0.0310463068,-0.000838114242,-0.72,0.457,-0.45483176,-0.361892837
dynamicx_standard3,pitch,DM4310,linear,hold,2000,0.5,0.8,0.00975136641445,0.00487568320722,0.361892836604,0.998778998779,PASS,OK,12000,10000,0.00417229759,0.00235998766,0.0314568241,0.00366479747,0.565414429,0.564102564,0.545796006,0,0,189.028083,31.5046805,0.000829600235,0.031457443,0.00201221594,-0.72,0.457,-0.45483176,-0.361892837
dynamicx_standard3,pitch,DM4310,regularized_terminal,hold,2000,0.5,1,0.00975136641445,0.00487568320722,0.361892836604,0.998778998779,PASS,OK,12000,10000,0.00265243334,0.00102468577,0.0309420153,0.0022445416,0.665187538,0.666666667,0.631763915,0,0,250.649573,41.7749288,-0.00224557938,0.0309421639,-0.000295799948,-0.72,0.457,-0.45483176,-0.361892837
dynamicx_standard3,pitch,DM4310,regularized_terminal,hold,2000,0.5,0.8,0.00975136641445,0.00487568320722,0.361892836604,0.998778998779,PASS,OK,12000,10000,0.00312034577,0.00149219699,0.031274179,0.00231949636,0.595420361,0.593406593,0.571027809,0,0,229.394383,38.2323972,0.000168618185,0.031274179,0.00191040041,-0.72,0.457,-0.45483176,-0.361892837
dynamicx_standard3,pitch,DM4310,linear,sine,2000,0.5,1,0.00975136641445,0.00487568320722,0.410410490329,0.998778998779,PASS,OK,12000,10000,0.00131336169,0.00142330276,0.00293768205,0.00293768205,0.634324253,0.632478632,0.595193924,0,0,221.931624,36.988604,-0.102136273,0.100058746,-0.000644987972,-0.72,0.457,-0.45483176,-0.361892837
dynamicx_standard3,pitch,DM4310,linear,sine,2000,0.5,0.8,0.00975136641445,0.00487568320722,0.410410490329,0.998778998779,PASS,OK,12000,10000,0.00248946317,0.00235061896,0.00366421602,0.00366421602,0.552330792,0.554334554,0.533788939,0,0,190.09768,31.6829467,-0.0990354005,0.103581246,0.00202761058,-0.72,0.457,-0.45483176,-0.361892837
dynamicx_standard3,pitch,DM4310,regularized_terminal,sine,2000,0.5,1,0.00975136641445,0.00487568320722,0.410410490329,0.998778998779,PASS,OK,12000,10000,0.000948311648,0.00101707652,0.00221908672,0.00221908672,0.660610497,0.661782662,0.625250118,0,0,250.673993,41.7789988,-0.101673061,0.100310056,-5.02336549e-05,-0.72,0.457,-0.45483176,-0.361892837
dynamicx_standard3,pitch,DM4310,regularized_terminal,sine,2000,0.5,0.8,0.00975136641445,0.00487568320722,0.410410490329,0.998778998779,PASS,OK,12000,10000,0.00157497998,0.00149269503,0.00261572956,0.00244927567,0.58523953,0.583638584,0.558572589,0,0,230.561661,38.4269434,-0.0996152952,0.102407353,0.00208164508,-0.72,0.457,-0.45483176,-0.361892837
dynamicx_standard3,pitch,DM4310,linear,hold,2000,1,1,0.00975136641445,0.00975136641445,0.361892836604,0.998778998779,PASS,OK,12000,10000,0.00320321916,0.00114889148,0.0305376844,0.00191522668,0.620963752,0.622710623,0.602733497,0,0,11.4261294,1.9043549,-0.0019152301,0.0305378928,-0.000816957377,-0.72,0.457,-0.45483176,-0.361892837
dynamicx_standard3,pitch,DM4310,linear,hold,2000,1,0.8,0.00975136641445,0.00975136641445,0.361892836604,0.998778998779,PASS,OK,12000,10000,0.00405200185,0.00210613002,0.030767053,0.00298973056,0.54840976,0.549450549,0.536134121,0,0,10.7081807,1.78469678,0.00103007908,0.0307674738,0.00213451321,-0.72,0.457,-0.45483176,-0.361892837
dynamicx_standard3,pitch,DM4310,regularized_terminal,hold,2000,1,1,0.00975136641445,0.00975136641445,0.361892836604,0.998778998779,PASS,OK,12000,10000,0.00262933964,0.000525486718,0.0304856626,0.00094004899,0.648234129,0.647130647,0.625824214,0,0,17.5409035,2.92348392,-0.000940080841,0.0304859832,-0.000246599332,-0.72,0.457,-0.45483176,-0.361892837
dynamicx_standard3,pitch,DM4310,regularized_terminal,hold,2000,1,0.8,0.00975136641445,0.00975136641445,0.361892836604,0.998778998779,PASS,OK,12000,10000,0.00301333997,0.00093814085,0.0306686999,0.00136735098,0.575915575,0.573870574,0.559521014,0,0,17.1990232,2.86650387,0.000370183778,0.0306686999,0.00106248927,-0.72,0.457,-0.45483176,-0.361892837
dynamicx_standard3,pitch,DM4310,linear,sine,2000,1,1,0.00975136641445,0.00975136641445,0.415212660263,0.998778998779,PASS,OK,12000,10000,0.00105989016,0.00115426525,0.00206762033,0.00206762033,0.520465553,0.52014652,0.491496022,0,0,11.006105,1.83435083,-0.101594397,0.0998449573,-0.000739756578,-0.72,0.457,-0.45483176,-0.361892837
dynamicx_standard3,pitch,DM4310,linear,sine,2000,1,0.8,0.00975136641445,0.00975136641445,0.415212660263,0.998778998779,PASS,OK,12000,10000,0.00221917321,0.00207027589,0.00315283603,0.00299727661,0.51151371,0.51037851,0.501171586,0,0,10.8009768,1.8001628,-0.0990022451,0.103132627,0.0021140065,-0.72,0.457,-0.45483176,-0.361892837
dynamicx_standard3,pitch,DM4310,regularized_terminal,sine,2000,1,1,0.00975136641445,0.00975136641445,0.415212660263,0.998778998779,PASS,OK,12000,10000,0.00048852915,0.000528497596,0.00144346216,0.00101873328,0.573898554,0.573870574,0.535512683,0,0,17.4041514,2.9006919,-0.100683751,0.0999271768,-0.000220680414,-0.72,0.457,-0.45483176,-0.361892837
dynamicx_standard3,pitch,DM4310,regularized_terminal,sine,2000,1,0.8,0.00975136641445,0.00975136641445,0.415212660263,0.998778998779,PASS,OK,12000,10000,0.00100038587,0.000921816664,0.00144371805,0.00134872258,0.538617194,0.53968254,0.524116877,0,0,17.2625153,2.87708588,-0.0995375674,0.101401821,0.00106785601,-0.72,0.457,-0.45483176,-0.361892837
dynamicx_standard3,pitch,DM4310,linear,hold,2000,2,1,0.00975136641445,0.0195027328289,0.361892836604,0.998778998779,PASS,OK,12000,10000,0.00331832143,0.00115198346,0.0302729615,0.00190978897,0.613533497,0.612942613,0.601266812,0,0,7.55799756,1.25966626,-0.00190979447,0.0302729615,-0.000822516541,-0.72,0.457,-0.45483176,-0.361892837
dynamicx_standard3,pitch,DM4310,linear,hold,2000,2,0.8,0.00975136641445,0.0195027328289,0.361892836604,0.998778998779,PASS,OK,12000,10000,0.00416531835,0.00210608578,0.0303947828,0.00297073333,0.539721668,0.53968254,0.531889759,0,0,7.35286935,1.22547823,0.00103917531,0.030394831,0.00212949971,-0.72,0.457,-0.45483176,-0.361892837
dynamicx_standard3,pitch,DM4310,regularized_terminal,hold,2000,2,1,0.00975136641445,0.0195027328289,0.361892836604,0.998778998779,PASS,OK,12000,10000,0.00284761276,0.00052564686,0.0302467334,0.000906277913,0.639598548,0.637362637,0.624238523,0,0,11.4065934,1.9010989,-0.000906300407,0.0302469427,-0.000266845872,-0.72,0.457,-0.45483176,-0.361892837
dynamicx_standard3,pitch,DM4310,regularized_terminal,hold,2000,2,0.8,0.00975136641445,0.0195027328289,0.361892836604,0.998778998779,PASS,OK,12000,10000,0.00325378854,0.000938500518,0.0303434809,0.00133347843,0.565913916,0.564102564,0.5549461,0,0,11.2112332,1.86853887,0.000403007351,0.0303436406,0.00104670803,-0.72,0.457,-0.45483176,-0.361892837
dynamicx_standard3,pitch,DM4310,linear,sine,2000,2,1,0.00975136641445,0.0195027328289,0.424821699295,0.998778998779,PASS,OK,12000,10000,0.00110830239,0.00116502867,0.00340325449,0.0021184559,0.434787154,0.437118437,0.432138464,0,0,7.06471306,1.17745218,-0.101983757,0.100209738,-0.000843914953,-0.72,0.457,-0.45483176,-0.361892837
dynamicx_standard3,pitch,DM4310,linear,sine,2000,2,0.8,0.00975136641445,0.0195027328289,0.424821699295,0.998778998779,PASS,OK,12000,10000,0.00224719988,0.00204193982,0.00351253061,0.0030724987,0.442648023,0.442002442,0.435070526,0,0,6.98656899,1.16442816,-0.0993908537,0.103487598,0.00201791065,-0.72,0.457,-0.45483176,-0.361892837
dynamicx_standard3,pitch,DM4310,regularized_terminal,sine,2000,2,1,0.00975136641445,0.0195027328289,0.424821699295,0.998778998779,PASS,OK,12000,10000,0.000532543164,0.000530767464,0.00309317877,0.000988975314,0.461203963,0.461538462,0.452563811,0,0,11.030525,1.83842084,-0.100828192,0.100103886,-0.000257786955,-0.72,0.457,-0.45483176,-0.361892837
dynamicx_standard3,pitch,DM4310,regularized_terminal,sine,2000,2,0.8,0.00975136641445,0.0195027328289,0.424821699295,0.998778998779,PASS,OK,12000,10000,0.00102074596,0.000907100596,0.00266262095,0.0013833553,0.498262733,0.500610501,0.484552673,0,0,11.0744811,1.84574685,-0.0996868676,0.101577522,0.00102620073,-0.72,0.457,-0.45483176,-0.361892837
